lat,lng,date,4,5,6,7,8,9,10,11,12,13,14,15,16,17,18,20
36.333333333333336,139.41875,20260930,,,,,,,,,,0.7068401043700779,0.7109384235672441,0.7052108386835866,,,,
36.333333333333336,139.41875,20261002,,,,,,,,,,0.7255370514303772,0.7133528494252124,0.7206230861621853,,,,
36.333333333333336,139.4375,20260930,,,,,,,,,,0.7068401043700779,0.7109384235672441,0.7052108386835866,,,,
36.333333333333336,139.4375,20261002,,,,,,,,,,0.7255370514303772,0.7133528494252124,0.7206230861621853,,,,
36.333333333333336,139.44375,20260930,,,,,,,,,,0.7068401043700779,0.7109384235672441,0.7052108386835866,,,,
36.333333333333336,139.44375,20261002,,,,,,,,,,0.7255370514303772,0.7133528494252124,0.7206230861621853,,,,
36.333333333333336,139.45,20260930,,,,,,,,,,0.7068401043700779,0.7109384235672441,0.7052108386835866,,,,
36.333333333333336,139.45,20261002,,,,,,,,,,0.7255370514303772,0.7133528494252124,0.7206230861621853,,,,
36.337500000000006,139.41875,20260930,,,,,,,,,,0.7068401043700779,0.7109384235672441,0.7052108386835866,,,,
36.337500000000006,139.41875,20261002,,,,,,,,,,0.7255370514303772,0.7133528494252124,0.7206230861621853,,,,
36.337500000000006,139.4375,20260930,,,,,,,,,,0.7068401043700779,0.7109384235672441,0.7052108386835866,,,,
36.337500000000006,139.4375,20261002,,,,,,,,,,0.7255370514303772,0.7133528494252124,0.7206230861621853,,,,
36.337500000000006,139.44375,20260930,,,,,,,,,,0.7068401043700779,0.7109384235672441,0.7052108386835866,,,,
36.337500000000006,139.44375,20261002,,,,,,,,,,0.7255370514303772,0.7133528494252124,0.7206230861621853,,,,
36.337500000000006,139.45,20260930,,,,,,,,,,0.7068401043700779,0.7109384235672441,0.7052108386835866,,,,
36.337500000000006,139.45,20261002,,,,,,,,,,0.7255370514303772,0.7133528494252124,0.7206230861621853,,,,
36.35,139.39374999999998,20261002,,,,,,,,,,0.707222636212018,,0.7021153972346605,,,,
36.35416666666667,139.39374999999998,20261002,,,,,,,,,,0.707222636212018,,0.7021153972346605,,,,
37.858333333333334,140.15,20261002,,,,,,,,,,0.818207788454625,0.8701246666909243,0.785383657058697,0.7614487107681053,0.732019763292484,,
37.858333333333334,140.15625,20261002,,,,,,,,,,0.818207788454625,0.8701246666909243,0.785383657058697,0.7614487107681053,0.732019763292484,,
37.858333333333334,140.1625,20261002,,,,,,,,,,0.818207788454625,0.8701246666909243,0.785383657058697,0.7614487107681053,0.732019763292484,,
37.862500000000004,140.15,20261002,,,,,,,,,,0.818207788454625,0.8701246666909243,0.785383657058697,0.7614487107681053,0.732019763292484,,
37.862500000000004,140.15625,20261002,,,,,,,,,,0.818207788454625,0.8701246666909243,0.785383657058697,0.7614487107681053,0.732019763292484,,
37.862500000000004,140.1625,20261002,,,,,,,,,,0.818207788454625,0.8701246666909243,0.785383657058697,0.7614487107681053,0.732019763292484,,
37.86666666666667,140.14374999999998,20261002,,,,,,,,,,0.818207788454625,0.8701246666909243,0.785383657058697,0.7614487107681053,0.732019763292484,,
37.87083333333334,140.14374999999998,20261002,,,,,,,,,,0.818207788454625,0.8701246666909243,0.785383657058697,0.7614487107681053,0.732019763292484,,
37.891666666666666,140.16875,20261002,,,,,,,,,,0.8123680585847436,0.865678884867016,0.7787746043226279,0.7543331422744721,0.7243441625334418,,
37.895833333333336,140.16875,20261002,,,,,,,,,,0.8123680585847436,0.865678884867016,0.7787746043226279,0.7543331422744721,0.7243441625334418,,
38.03333333333333,139.83124999999998,20261002,,,,,,,,,,0.765688230430442,0.7357262529344947,,,,,
38.0375,139.83124999999998,20261002,,,,,,,,,,0.765688230430442,0.7357262529344947,,,,,
38.041666666666664,139.76874999999998,20261002,,,,,,,,,,0.765688230430442,0.7357262529344947,,,,,
38.045833333333334,139.76874999999998,20261002,,,,,,,,,,0.765688230430442,0.7357262529344947,,,,,
38.05,139.9875,20261002,,,,,,,,,0.7423604337777132,0.8663145103619929,0.8466426899798358,0.7407873360394802,,,,
38.05,139.99375,20261002,,,,,,,,,0.7423604337777132,0.8663145103619929,0.8466426899798358,0.7407873360394802,,,,
38.05416666666667,139.9875,20261002,,,,,,,,,0.7423604337777132,0.8663145103619929,0.8466426899798358,0.7407873360394802,,,,
38.05416666666667,139.99375,20261002,,,,,,,,,0.7423604337777132,0.8663145103619929,0.8466426899798358,0.7407873360394802,,,,
38.483333333333334,140.3,20261002,,,,,,,,,,,,,,0.7148197268410303,,
38.483333333333334,140.30625,20261002,,,,,,,,,,,,,,0.7148197268410303,,
38.487500000000004,140.3,20261002,,,,,,,,,,,,,,0.7148197268410303,,
38.487500000000004,140.30625,20261002,,,,,,,,,,,,,,0.7148197268410303,,
38.68333333333333,139.75,20261001,,0.7199202198542349,,,,,,,,,,,,,,
38.68333333333333,139.75625,20261001,,0.7199202198542349,,,,,,,,,,,,,,
38.68333333333333,139.7625,20261001,,0.7199202198542349,,,,,,,,,,,,,,
38.6875,139.75,20261001,,0.7199202198542349,,,,,,,,,,,,,,
38.6875,139.75625,20261001,,0.7199202198542349,,,,,,,,,,,,,,
38.6875,139.7625,20261001,,0.7199202198542349,,,,,,,,,,,,,,
38.704166666666666,139.8125,20261001,,0.7199202198542349,,,,,,,,,,,,,,
38.704166666666666,139.81875,20261001,,0.7199202198542349,,,,,,,,,,,,,,
38.704166666666666,139.825,20261001,,0.7199202198542349,,,,,,,,,,,,,,
38.704166666666666,139.83124999999998,20261001,,0.7199202198542349,,,,,,,,,,,,,,
38.70833333333333,139.8125,20261001,,0.7199202198542349,,,,,,,,,,,,,,
38.70833333333333,139.81875,20261001,,0.7199202198542349,,,,,,,,,,,,,,
38.70833333333333,139.825,20261001,,0.7199202198542349,,,,,,,,,,,,,,
38.70833333333333,139.83124999999998,20261001,,0.7199202198542349,,,,,,,,,,,,,,
38.7125,139.79375,20261001,,0.7199202198542349,,,,,,,,,,,,,,
38.71666666666666,139.79375,20261001,,0.7199202198542349,,,,,,,,,,,,,,
38.72083333333333,139.775,20261001,,0.7199202198542349,,,,,,,,,,,,,,
38.72083333333333,139.78125,20261001,,0.7199202198542349,,,,,,,,,,,,,,
38.72083333333333,139.7875,20261001,,0.7199202198542349,,,,,,,,,,,,,,
38.724999999999994,139.775,20261001,,0.7199202198542349,,,,,,,,,,,,,,
38.724999999999994,139.78125,20261001,,0.7199202198542349,,,,,,,,,,,,,,
38.724999999999994,139.7875,20261001,,0.7199202198542349,,,,,,,,,,,,,,
38.729166666666664,139.79375,20261001,,0.7199202198542349,,,,,,,,,,,,,,
38.8625,139.9875,20260930,,0.7056523288510157,,,,,,,,,,,,,,
38.8625,139.9875,20261002,,,,,,,,,,,,,,,,0.7587956458651113
38.8625,139.99375,20260930,,0.7056523288510157,,,,,,,,,,,,,,
38.8625,139.99375,20261002,,,,,,,,,,,,,,,,0.7587956458651113
38.86666666666666,139.9875,20260930,,0.7056523288510157,,,,,,,,,,,,,,
38.86666666666666,139.9875,20261002,,,,,,,,,,,,,,,,0.7587956458651113
38.86666666666666,139.99375,20260930,,0.7056523288510157,,,,,,,,,,,,,,
38.86666666666666,139.99375,20261002,,,,,,,,,,,,,,,,0.7587956458651113
38.93333333333333,139.925,20260930,,0.7432993484787347,,,,,,,,,,,,,,
38.93333333333333,139.925,20261002,,,,,,,,,,,,,,,,0.7742476411733827
38.93333333333333,139.93125,20260930,,0.7432993484787347,,,,,,,,,,,,,,
38.93333333333333,139.93125,20261002,,,,,,,,,,,,,,,,0.7742476411733827
38.9375,139.925,20260930,,0.7432993484787347,,,,,,,,,,,,,,
38.9375,139.925,20261002,,,,,,,,,,,,,,,,0.7742476411733827
38.9375,139.93125,20260930,,0.7432993484787347,,,,,,,,,,,,,,
38.9375,139.93125,20261002,,,,,,,,,,,,,,,,0.7742476411733827
38.9625,139.98125,20260930,,0.7432993484787347,,,,,,,,,,,,,,
38.9625,139.98125,20261002,,,,,,,,,,,,,,,,0.7673972216994164
38.96666666666666,139.98125,20260930,,0.7432993484787347,,,,,,,,,,,,,,
38.96666666666666,139.98125,20261002,,,,,,,,,,,,,,,,0.7673972216994164
39.06666666666667,139.875,20260930,,0.7082322255175268,,,,,,,,,,,,,,
39.06666666666667,139.88125,20260930,,0.7082322255175268,,,,,,,,,,,,,,
39.06666666666667,139.8875,20260930,,0.7082322255175268,,,,,,,,,,,,,,
39.07083333333334,139.875,20260930,,0.7082322255175268,,,,,,,,,,,,,,
39.07083333333334,139.88125,20260930,,0.7082322255175268,,,,,,,,,,,,,,
39.07083333333334,139.8875,20260930,,0.7082322255175268,,,,,,,,,,,,,,
39.19166666666666,139.925,20260930,,0.7306142005651625,,,,,,,,,,,,,,
39.19166666666666,139.925,20261001,,0.8363948773130028,,,,,,,,,,,,,,
39.19166666666666,139.925,20261002,,,,,,,,,,,,,,,,0.7030548796113968
39.19166666666666,139.93125,20260930,,0.7306142005651625,,,,,,,,,,,,,,
39.19166666666666,139.93125,20261001,,0.8363948773130028,,,,,,,,,,,,,,
39.19166666666666,139.93125,20261002,,,,,,,,,,,,,,,,0.7030548796113968
39.19583333333333,139.925,20260930,,0.7306142005651625,,,,,,,,,,,,,,
39.19583333333333,139.925,20261001,,0.8363948773130028,,,,,,,,,,,,,,
39.19583333333333,139.925,20261002,,,,,,,,,,,,,,,,0.7030548796113968
39.19583333333333,139.93125,20260930,,0.7306142005651625,,,,,,,,,,,,,,
39.19583333333333,139.93125,20261001,,0.8363948773130028,,,,,,,,,,,,,,
39.19583333333333,139.93125,20261002,,,,,,,,,,,,,,,,0.7030548796113968
39.199999999999996,139.925,20260930,,0.7306142005651625,,,,,,,,,,,,,,
39.199999999999996,139.925,20261001,,0.8363948773130028,,,,,,,,,,,,,,
39.199999999999996,139.925,20261002,,,,,,,,,,,,,,,,0.7030548796113968
39.199999999999996,139.93125,20260930,,0.7306142005651625,,,,,,,,,,,,,,
39.199999999999996,139.93125,20261001,,0.8363948773130028,,,,,,,,,,,,,,
39.199999999999996,139.93125,20261002,,,,,,,,,,,,,,,,0.7030548796113968
39.204166666666666,139.9,20260930,,0.7306142005651625,,,,,,,,,,,,,,
39.204166666666666,139.9,20261001,,0.8363948773130028,,,,,,,,,,,,,,
39.204166666666666,139.9,20261002,,,,,,,,,,,,,,,,0.7030548796113968
39.204166666666666,139.90625,20260930,,0.7306142005651625,,,,,,,,,,,,,,
39.204166666666666,139.90625,20261001,,0.8363948773130028,,,,,,,,,,,,,,
39.204166666666666,139.90625,20261002,,,,,,,,,,,,,,,,0.7030548796113968
39.204166666666666,139.9125,20260930,,0.7306142005651625,,,,,,,,,,,,,,
39.204166666666666,139.9125,20261001,,0.8363948773130028,,,,,,,,,,,,,,
39.204166666666666,139.9125,20261002,,,,,,,,,,,,,,,,0.7030548796113968
39.204166666666666,139.91875,20260930,,0.7306142005651625,,,,,,,,,,,,,,
39.204166666666666,139.91875,20261001,,0.8363948773130028,,,,,,,,,,,,,,
39.204166666666666,139.91875,20261002,,,,,,,,,,,,,,,,0.7030548796113968
39.204166666666666,139.95624999999998,20260930,,0.7306142005651625,,,,,,,,,,,,,,
39.204166666666666,139.95624999999998,20261001,,0.8363948773130028,,,,,,,,,,,,,,
39.204166666666666,139.95624999999998,20261002,,,,,,,,,,,,,,,,0.7030548796113968
39.20833333333333,139.9,20260930,,0.7306142005651625,,,,,,,,,,,,,,
39.20833333333333,139.9,20261001,,0.8363948773130028,,,,,,,,,,,,,,
39.20833333333333,139.9,20261002,,,,,,,,,,,,,,,,0.7030548796113968
39.20833333333333,139.90625,20260930,,0.7306142005651625,,,,,,,,,,,,,,
39.20833333333333,139.90625,20261001,,0.8363948773130028,,,,,,,,,,,,,,
39.20833333333333,139.90625,20261002,,,,,,,,,,,,,,,,0.7030548796113968
39.20833333333333,139.9125,20260930,,0.7306142005651625,,,,,,,,,,,,,,
39.20833333333333,139.9125,20261001,,0.8363948773130028,,,,,,,,,,,,,,
39.20833333333333,139.9125,20261002,,,,,,,,,,,,,,,,0.7030548796113968
39.20833333333333,139.91875,20260930,,0.7306142005651625,,,,,,,,,,,,,,
39.20833333333333,139.91875,20261001,,0.8363948773130028,,,,,,,,,,,,,,
39.20833333333333,139.91875,20261002,,,,,,,,,,,,,,,,0.7030548796113968
39.20833333333333,139.95624999999998,20260930,,0.7306142005651625,,,,,,,,,,,,,,
39.20833333333333,139.95624999999998,20261001,,0.8363948773130028,,,,,,,,,,,,,,
39.20833333333333,139.95624999999998,20261002,,,,,,,,,,,,,,,,0.7030548796113968
39.229166666666664,139.9375,20261001,,0.775366441016639,,,,,,,,,,,,,,
39.229166666666664,139.94375,20261001,,0.775366441016639,,,,,,,,,,,,,,
39.229166666666664,139.95,20261001,,0.775366441016639,,,,,,,,,,,,,,
39.233333333333334,139.9375,20260930,,0.7306142005651625,,,,,,,,,,,,,,
39.233333333333334,139.9375,20261001,,0.8363948773130028,,,,,,,,,,,,,,
39.233333333333334,139.9375,20261002,,,,,,,,,,,,,,,,0.7030548796113968
39.233333333333334,139.94375,20260930,,0.7306142005651625,,,,,,,,,,,,,,
39.233333333333334,139.94375,20261001,,0.8363948773130028,,,,,,,,,,,,,,
39.233333333333334,139.94375,20261002,,,,,,,,,,,,,,,,0.7030548796113968
39.233333333333334,139.95,20260930,,0.7306142005651625,,,,,,,,,,,,,,
39.233333333333334,139.95,20261001,,0.8363948773130028,,,,,,,,,,,,,,
39.233333333333334,139.95,20261002,,,,,,,,,,,,,,,,0.7030548796113968
39.237500000000004,139.9375,20260930,,0.7306142005651625,,,,,,,,,,,,,,
39.237500000000004,139.9375,20261001,,0.8363948773130028,,,,,,,,,,,,,,
39.237500000000004,139.9375,20261002,,,,,,,,,,,,,,,,0.7030548796113968
39.237500000000004,139.94375,20260930,,0.7306142005651625,,,,,,,,,,,,,,
39.237500000000004,139.94375,20261001,,0.8363948773130028,,,,,,,,,,,,,,
39.237500000000004,139.94375,20261002,,,,,,,,,,,,,,,,0.7030548796113968
39.237500000000004,139.95,20260930,,0.7306142005651625,,,,,,,,,,,,,,
39.237500000000004,139.95,20261001,,0.8363948773130028,,,,,,,,,,,,,,
39.237500000000004,139.95,20261002,,,,,,,,,,,,,,,,0.7030548796113968
39.24166666666667,139.925,20260930,,0.7306142005651625,,,,,,,,,,,,,,
39.24166666666667,139.925,20261001,,0.8363948773130028,,,,,,,,,,,,,,
39.24166666666667,139.925,20261002,,,,,,,,,,,,,,,,0.7030548796113968
39.24166666666667,139.93125,20260930,,0.7306142005651625,,,,,,,,,,,,,,
39.24166666666667,139.93125,20261001,,0.8363948773130028,,,,,,,,,,,,,,
39.24166666666667,139.93125,20261002,,,,,,,,,,,,,,,,0.7030548796113968
39.24166666666667,139.95624999999998,20260930,,0.7309224517381185,,,,,,,,,,,,,,
39.24166666666667,139.95624999999998,20261001,,0.8378931390206453,,,,,,,,,,,,,,
39.24166666666667,139.95624999999998,20261002,,,,,,,,,,,,,,,,0.7461314825207674
39.24583333333334,139.925,20260930,,0.7306142005651625,,,,,,,,,,,,,,
39.24583333333334,139.925,20261001,,0.8363948773130028,,,,,,,,,,,,,,
39.24583333333334,139.925,20261002,,,,,,,,,,,,,,,,0.7030548796113968
39.24583333333334,139.93125,20260930,,0.7306142005651625,,,,,,,,,,,,,,
39.24583333333334,139.93125,20261001,,0.8363948773130028,,,,,,,,,,,,,,
39.24583333333334,139.93125,20261002,,,,,,,,,,,,,,,,0.7030548796113968
39.24583333333334,139.95624999999998,20260930,,0.7309224517381185,,,,,,,,,,,,,,
39.24583333333334,139.95624999999998,20261001,,0.8378931390206453,,,,,,,,,,,,,,
39.24583333333334,139.95624999999998,20261002,,,,,,,,,,,,,,,,0.7461314825207674
39.25,139.91875,20261001,,0.7457708619628448,,,,,,,,,,,,,,
39.25416666666667,139.91875,20261001,,0.7457708619628448,,,,,,,,,,,,,,
39.266666666666666,139.925,20260930,,0.7519480700064813,,,,,,,,,,,,,,
39.266666666666666,139.925,20261001,0.7490061187062292,0.8066674736760581,,,,,,,,,,,,,,
39.266666666666666,139.93125,20260930,,0.7519480700064813,,,,,,,,,,,,,,
39.266666666666666,139.93125,20261001,0.7490061187062292,0.8066674736760581,,,,,,,,,,,,,,
39.266666666666666,139.9375,20260930,,0.839897984639344,,,0.7421443758913994,0.7196948243880184,0.7424647565856011,0.7094934285073219,,0.7178693431280494,0.7494010020699163,0.7086769177918694,,0.70516167002061,0.7162509115897228,0.709626467324257
39.266666666666666,139.9375,20261001,0.8222501655580283,0.8783545833326732,,0.7117677890320321,0.7672735563659738,0.7196337068144351,0.7615653429234859,0.7145987029462643,,0.7205769149343226,0.7336433315991531,,,,,
39.266666666666666,139.9375,20261002,,0.7802285590663403,,,,,,,,,,,,,,0.7093523405613621
39.266666666666666,139.94375,20260930,,0.839897984639344,,,0.7421443758913994,0.7196948243880184,0.7424647565856011,0.7094934285073219,,0.7178693431280494,0.7494010020699163,0.7086769177918694,,0.70516167002061,0.7162509115897228,0.709626467324257
39.266666666666666,139.94375,20261001,0.8222501655580283,0.8783545833326732,,0.7117677890320321,0.7672735563659738,0.7196337068144351,0.7615653429234859,0.7145987029462643,,0.7205769149343226,0.7336433315991531,,,,,
39.266666666666666,139.94375,20261002,,0.7802285590663403,,,,,,,,,,,,,,0.7093523405613621
39.266666666666666,139.95,20260930,,0.839897984639344,,,0.7421443758913994,0.7196948243880184,0.7424647565856011,0.7094934285073219,,0.7178693431280494,0.7494010020699163,0.7086769177918694,,0.70516167002061,0.7162509115897228,0.709626467324257
39.266666666666666,139.95,20261001,0.8222501655580283,0.8783545833326732,,0.7117677890320321,0.7672735563659738,0.7196337068144351,0.7615653429234859,0.7145987029462643,,0.7205769149343226,0.7336433315991531,,,,,
39.266666666666666,139.95,20261002,,0.7802285590663403,,,,,,,,,,,,,,0.7093523405613621
39.266666666666666,139.9625,20260930,,0.7120075340758806,,,,,,,,,,,,,,
39.266666666666666,139.9625,20261001,,0.7348364112873859,,,,,,,,,,,,,,
39.266666666666666,139.96875,20260930,,0.7120075340758806,,,,,,,,,,,,,,
39.266666666666666,139.96875,20261001,,0.7348364112873859,,,,,,,,,,,,,,
39.266666666666666,139.975,20260930,,0.7120075340758806,,,,,,,,,,,,,,
39.266666666666666,139.975,20261001,,0.7348364112873859,,,,,,,,,,,,,,
39.270833333333336,139.925,20260930,,0.7519480700064813,,,,,,,,,,,,,,
39.270833333333336,139.925,20261001,0.7490061187062292,0.8066674736760581,,,,,,,,,,,,,,
39.270833333333336,139.93125,20260930,,0.7519480700064813,,,,,,,,,,,,,,
39.270833333333336,139.93125,20261001,0.7490061187062292,0.8066674736760581,,,,,,,,,,,,,,
39.270833333333336,139.9375,20260930,,0.839897984639344,,,0.7421443758913994,0.7196948243880184,0.7424647565856011,0.7094934285073219,,0.7178693431280494,0.7494010020699163,0.7086769177918694,,0.70516167002061,0.7162509115897228,0.709626467324257
39.270833333333336,139.9375,20261001,0.8222501655580283,0.8783545833326732,,0.7117677890320321,0.7672735563659738,0.7196337068144351,0.7615653429234859,0.7145987029462643,,0.7205769149343226,0.7336433315991531,,,,,
39.270833333333336,139.9375,20261002,,0.7802285590663403,,,,,,,,,,,,,,0.7093523405613621
39.270833333333336,139.94375,20260930,,0.839897984639344,,,0.7421443758913994,0.7196948243880184,0.7424647565856011,0.7094934285073219,,0.7178693431280494,0.7494010020699163,0.7086769177918694,,0.70516167002061,0.7162509115897228,0.709626467324257
39.270833333333336,139.94375,20261001,0.8222501655580283,0.8783545833326732,,0.7117677890320321,0.7672735563659738,0.7196337068144351,0.7615653429234859,0.7145987029462643,,0.7205769149343226,0.7336433315991531,,,,,
39.270833333333336,139.94375,20261002,,0.7802285590663403,,,,,,,,,,,,,,0.7093523405613621
39.270833333333336,139.95,20260930,,0.839897984639344,,,0.7421443758913994,0.7196948243880184,0.7424647565856011,0.7094934285073219,,0.7178693431280494,0.7494010020699163,0.7086769177918694,,0.70516167002061,0.7162509115897228,0.709626467324257
39.270833333333336,139.95,20261001,0.8222501655580283,0.8783545833326732,,0.7117677890320321,0.7672735563659738,0.7196337068144351,0.7615653429234859,0.7145987029462643,,0.7205769149343226,0.7336433315991531,,,,,
39.270833333333336,139.95,20261002,,0.7802285590663403,,,,,,,,,,,,,,0.7093523405613621
39.270833333333336,139.9625,20260930,,0.7120075340758806,,,,,,,,,,,,,,
39.270833333333336,139.9625,20261001,,0.7348364112873859,,,,,,,,,,,,,,
39.270833333333336,139.96875,20260930,,0.7120075340758806,,,,,,,,,,,,,,
39.270833333333336,139.96875,20261001,,0.7348364112873859,,,,,,,,,,,,,,
39.270833333333336,139.975,20260930,,0.7120075340758806,,,,,,,,,,,,,,
39.270833333333336,139.975,20261001,,0.7348364112873859,,,,,,,,,,,,,,
39.275,139.9375,20261001,,0.7554779262337217,,,,,,,,,,,,,,
39.275,139.94375,20261001,,0.7554779262337217,,,,,,,,,,,,,,
39.275,139.95,20261001,,0.7554779262337217,,,,,,,,,,,,,,
39.275,139.95624999999998,20261001,,0.7603103975663756,,,,,,,,,,,,,,
39.275,140.6125,20261002,,0.7045362167612945,,,,0.7026404251890059,,,,,,,,,,
39.275,140.61875,20261002,,0.7045362167612945,,,,0.7026404251890059,,,,,,,,,,
39.27916666666667,139.9375,20261001,,0.7554779262337217,,,,,,,,,,,,,,
39.27916666666667,139.94375,20261001,,0.7554779262337217,,,,,,,,,,,,,,
39.27916666666667,139.95,20261001,,0.7554779262337217,,,,,,,,,,,,,,
39.27916666666667,139.95624999999998,20261001,,0.7603103975663756,,,,,,,,,,,,,,
39.27916666666667,140.6125,20261002,,0.7045362167612945,,,,0.7026404251890059,,,,,,,,,,
39.27916666666667,140.61875,20261002,,0.7045362167612945,,,,0.7026404251890059,,,,,,,,,,
39.28333333333333,139.9375,20260930,,0.7761094064686446,,,,,,,,,,,,,,
39.28333333333333,139.9375,20261001,0.7648858438913357,0.8325364932106737,,,0.705208122315613,,,,,,,,,,,
39.28333333333333,139.9375,20261002,,0.7096676427243217,,,,,,,,,,,,,,
39.28333333333333,139.94375,20260930,,0.7761094064686446,,,,,,,,,,,,,,
39.28333333333333,139.94375,20261001,0.7648858438913357,0.8325364932106737,,,0.705208122315613,,,,,,,,,,,
39.28333333333333,139.94375,20261002,,0.7096676427243217,,,,,,,,,,,,,,
39.28333333333333,139.95,20260930,,0.7761094064686446,,,,,,,,,,,,,,
39.28333333333333,139.95,20261001,0.7648858438913357,0.8325364932106737,,,0.705208122315613,,,,,,,,,,,
39.28333333333333,139.95,20261002,,0.7096676427243217,,,,,,,,,,,,,,
39.28333333333333,139.95624999999998,20260930,,0.7867007387223216,,,,,,,,,,,,,,
39.28333333333333,139.95624999999998,20261001,0.768625516069367,0.8354316431403943,,,,,,,,,,,,,,
39.28333333333333,139.95624999999998,20261002,,0.7139571513496917,,,,,,,,,,,,,,
39.28333333333333,139.98125,20260930,,0.7839431535776328,,,,,,,,,,,,,,
39.28333333333333,139.98125,20261001,0.7657038451427738,0.8331704627739237,,,,,,,,,,,,,,
39.28333333333333,139.98125,20261002,,0.7106050711191173,,,,,,,,,,,,,,
39.2875,139.9375,20260930,,0.7761094064686446,,,,,,,,,,,,,,
39.2875,139.9375,20261001,0.7648858438913357,0.8325364932106737,,,0.705208122315613,,,,,,,,,,,
39.2875,139.9375,20261002,,0.7096676427243217,,,,,,,,,,,,,,
39.2875,139.94375,20260930,,0.7761094064686446,,,,,,,,,,,,,,
39.2875,139.94375,20261001,0.7648858438913357,0.8325364932106737,,,0.705208122315613,,,,,,,,,,,
39.2875,139.94375,20261002,,0.7096676427243217,,,,,,,,,,,,,,
39.2875,139.95,20260930,,0.7761094064686446,,,,,,,,,,,,,,
39.2875,139.95,20261001,0.7648858438913357,0.8325364932106737,,,0.705208122315613,,,,,,,,,,,
39.2875,139.95,20261002,,0.7096676427243217,,,,,,,,,,,,,,
39.2875,139.95624999999998,20260930,,0.7867007387223216,,,,,,,,,,,,,,
39.2875,139.95624999999998,20261001,0.768625516069367,0.8354316431403943,,,,,,,,,,,,,,
39.2875,139.95624999999998,20261002,,0.7139571513496917,,,,,,,,,,,,,,
39.2875,139.98125,20260930,,0.7839431535776328,,,,,,,,,,,,,,
39.2875,139.98125,20261001,0.7657038451427738,0.8331704627739237,,,,,,,,,,,,,,
39.2875,139.98125,20261002,,0.7106050711191173,,,,,,,,,,,,,,
39.3,140.58124999999998,20261002,,,,,,0.706945821104013,,,,,,,,,,
39.30416666666667,140.58124999999998,20261002,,,,,,0.706945821104013,,,,,,,,,,
39.30833333333333,140.58124999999998,20260930,,0.8521681911577065,0.7577683573928985,0.7391145466618726,0.8527834537769848,0.8329843762834996,0.8601567249549862,0.8146218389371385,0.8367781807689875,0.8356330916109758,0.8327917205705329,0.709350212856517,0.7080000817711571,,,
39.30833333333333,140.58124999999998,20261001,,0.7536849810171283,,,,0.7017664398530691,0.7411389861477856,0.7513129246118213,0.7805465439696498,,0.7873947108105055,,,,,
39.30833333333333,140.58124999999998,20261002,,0.7700706871416828,,,0.747149036897909,0.784117852376592,0.7197591122523865,,,,,,,,,
39.3125,140.58124999999998,20260930,,0.8521681911577065,0.7577683573928985,0.7391145466618726,0.8527834537769848,0.8329843762834996,0.8601567249549862,0.8146218389371385,0.8367781807689875,0.8356330916109758,0.8327917205705329,0.709350212856517,0.7080000817711571,,,
39.3125,140.58124999999998,20261001,,0.7536849810171283,,,,0.7017664398530691,0.7411389861477856,0.7513129246118213,0.7805465439696498,,0.7873947108105055,,,,,
39.3125,140.58124999999998,20261002,,0.7700706871416828,,,0.747149036897909,0.784117852376592,0.7197591122523865,,,,,,,,,
39.31666666666667,139.9875,20260930,,0.7789387814862601,,,,,,,,,,,,,,
39.31666666666667,139.9875,20261001,0.7678146221848154,0.834804562590533,,,0.7085970805145179,,0.7020086245867107,,,,,,,,,
39.31666666666667,139.9875,20261002,,0.7130261961887511,,,,,,,,,,,,,,
39.31666666666667,139.99375,20260930,,0.7789387814862601,,,,,,,,,,,,,,
39.31666666666667,139.99375,20261001,0.7678146221848154,0.834804562590533,,,0.7085970805145179,,0.7020086245867107,,,,,,,,,
39.31666666666667,139.99375,20261002,,0.7130261961887511,,,,,,,,,,,,,,
39.32083333333334,139.9875,20260930,,0.7789387814862601,,,,,,,,,,,,,,
39.32083333333334,139.9875,20261001,0.7678146221848154,0.834804562590533,,,0.7085970805145179,,0.7020086245867107,,,,,,,,,
39.32083333333334,139.9875,20261002,,0.7130261961887511,,,,,,,,,,,,,,
39.32083333333334,139.99375,20260930,,0.7789387814862601,,,,,,,,,,,,,,
39.32083333333334,139.99375,20261001,0.7678146221848154,0.834804562590533,,,0.7085970805145179,,0.7020086245867107,,,,,,,,,
39.32083333333334,139.99375,20261002,,0.7130261961887511,,,,,,,,,,,,,,
39.325,140.55,20260930,,0.703366283619783,,,0.7055512402318967,,0.7058841903122847,,,,,,,,,
39.325,140.55,20261001,,0.7053172604762932,,,,,0.7044557060555258,0.7155179882802922,0.7475454854291178,,0.7551003595609027,,,,,
39.325,140.55,20261002,,0.7700706871416828,,,0.747149036897909,0.784117852376592,0.7197591122523865,,,,,,,,,
39.325,140.55625,20260930,,0.703366283619783,,,0.7055512402318967,,0.7058841903122847,,,,,,,,,
39.325,140.55625,20261001,,0.7053172604762932,,,,,0.7044557060555258,0.7155179882802922,0.7475454854291178,,0.7551003595609027,,,,,
39.325,140.55625,20261002,,0.7700706871416828,,,0.747149036897909,0.784117852376592,0.7197591122523865,,,,,,,,,
39.32916666666667,140.55,20260930,,0.703366283619783,,,0.7055512402318967,,0.7058841903122847,,,,,,,,,
39.32916666666667,140.55,20261001,,0.7053172604762932,,,,,0.7044557060555258,0.7155179882802922,0.7475454854291178,,0.7551003595609027,,,,,
39.32916666666667,140.55,20261002,,0.7700706871416828,,,0.747149036897909,0.784117852376592,0.7197591122523865,,,,,,,,,
39.32916666666667,140.55625,20260930,,0.703366283619783,,,0.7055512402318967,,0.7058841903122847,,,,,,,,,
39.32916666666667,140.55625,20261001,,0.7053172604762932,,,,,0.7044557060555258,0.7155179882802922,0.7475454854291178,,0.7551003595609027,,,,,
39.32916666666667,140.55625,20261002,,0.7700706871416828,,,0.747149036897909,0.784117852376592,0.7197591122523865,,,,,,,,,
39.333333333333336,140.5625,20261002,,,,,,,0.7091399939811143,,,,,,,,,
39.333333333333336,140.56875,20261002,,,,,,,0.7091399939811143,,,,,,,,,
39.333333333333336,140.575,20261002,,,,,,,0.7091399939811143,,,,,,,,,
39.337500000000006,140.5625,20261002,,,,,,,0.7091399939811143,,,,,,,,,
39.337500000000006,140.56875,20261002,,,,,,,0.7091399939811143,,,,,,,,,
39.337500000000006,140.575,20261002,,,,,,,0.7091399939811143,,,,,,,,,
39.35,140.5625,20260930,,,,,,,0.7107990528517024,,,,,,,,,
39.35,140.5625,20261001,,,,,,,0.7387990819084472,,,,,,,,,
39.35,140.5625,20261002,,,,,,,0.7597533911720211,,,,,,,,,
39.35,140.56875,20260930,,,,,,,0.7107990528517024,,,,,,,,,
39.35,140.56875,20261001,,,,,,,0.7387990819084472,,,,,,,,,
39.35,140.56875,20261002,,,,,,,0.7597533911720211,,,,,,,,,
39.35,140.575,20260930,,,,,,,0.7107990528517024,,,,,,,,,
39.35,140.575,20261001,,,,,,,0.7387990819084472,,,,,,,,,
39.35,140.575,20261002,,,,,,,0.7597533911720211,,,,,,,,,
39.35416666666667,140.5625,20260930,,,,,,,0.7107990528517024,,,,,,,,,
39.35416666666667,140.5625,20261001,,,,,,,0.7387990819084472,,,,,,,,,
39.35416666666667,140.5625,20261002,,,,,,,0.7597533911720211,,,,,,,,,
39.35416666666667,140.56875,20260930,,,,,,,0.7107990528517024,,,,,,,,,
39.35416666666667,140.56875,20261001,,,,,,,0.7387990819084472,,,,,,,,,
39.35416666666667,140.56875,20261002,,,,,,,0.7597533911720211,,,,,,,,,
39.35416666666667,140.575,20260930,,,,,,,0.7107990528517024,,,,,,,,,
39.35416666666667,140.575,20261001,,,,,,,0.7387990819084472,,,,,,,,,
39.35416666666667,140.575,20261002,,,,,,,0.7597533911720211,,,,,,,,,
39.391666666666666,140.05,20261001,,0.7063656215927253,,,,,,,,,,,,,,
39.391666666666666,140.05,20261002,,0.7118424152847034,,,,,,,,,,,,,,
39.391666666666666,140.05625,20261001,,0.7063656215927253,,,,,,,,,,,,,,
39.391666666666666,140.05625,20261002,,0.7118424152847034,,,,,,,,,,,,,,
39.391666666666666,140.0625,20260930,,0.7026423339991636,,,,0.738309563276442,0.7620153069643689,,,,,,,,,
39.391666666666666,140.0625,20261001,,0.7689403653474166,,,0.7875540280855056,0.7600843973328687,0.8133388785667391,,,,,,,,,
39.391666666666666,140.0625,20261002,,0.7911489063989295,,,0.7922830967078476,0.7859213106425532,0.8156323831295905,0.7170796091623832,,,,,,,,
39.391666666666666,140.06875,20260930,,0.7026423339991636,,,,0.738309563276442,0.7620153069643689,,,,,,,,,
39.391666666666666,140.06875,20261001,,0.7689403653474166,,,0.7875540280855056,0.7600843973328687,0.8133388785667391,,,,,,,,,
39.391666666666666,140.06875,20261002,,0.7911489063989295,,,0.7922830967078476,0.7859213106425532,0.8156323831295905,0.7170796091623832,,,,,,,,
39.391666666666666,140.075,20260930,,0.7026423339991636,,,,0.738309563276442,0.7620153069643689,,,,,,,,,
39.391666666666666,140.075,20261001,,0.7689403653474166,,,0.7875540280855056,0.7600843973328687,0.8133388785667391,,,,,,,,,
39.391666666666666,140.075,20261002,,0.7911489063989295,,,0.7922830967078476,0.7859213106425532,0.8156323831295905,0.7170796091623832,,,,,,,,
39.395833333333336,140.05,20261001,,0.7063656215927253,,,,,,,,,,,,,,
39.395833333333336,140.05,20261002,,0.7118424152847034,,,,,,,,,,,,,,
39.395833333333336,140.05625,20261001,,0.7063656215927253,,,,,,,,,,,,,,
39.395833333333336,140.05625,20261002,,0.7118424152847034,,,,,,,,,,,,,,
39.395833333333336,140.0625,20260930,,0.7026423339991636,,,,0.738309563276442,0.7620153069643689,,,,,,,,,
39.395833333333336,140.0625,20261001,,0.7689403653474166,,,0.7875540280855056,0.7600843973328687,0.8133388785667391,,,,,,,,,
39.395833333333336,140.0625,20261002,,0.7911489063989295,,,0.7922830967078476,0.7859213106425532,0.8156323831295905,0.7170796091623832,,,,,,,,
39.395833333333336,140.06875,20260930,,0.7026423339991636,,,,0.738309563276442,0.7620153069643689,,,,,,,,,
39.395833333333336,140.06875,20261001,,0.7689403653474166,,,0.7875540280855056,0.7600843973328687,0.8133388785667391,,,,,,,,,
39.395833333333336,140.06875,20261002,,0.7911489063989295,,,0.7922830967078476,0.7859213106425532,0.8156323831295905,0.7170796091623832,,,,,,,,
39.395833333333336,140.075,20260930,,0.7026423339991636,,,,0.738309563276442,0.7620153069643689,,,,,,,,,
39.395833333333336,140.075,20261001,,0.7689403653474166,,,0.7875540280855056,0.7600843973328687,0.8133388785667391,,,,,,,,,
39.395833333333336,140.075,20261002,,0.7911489063989295,,,0.7922830967078476,0.7859213106425532,0.8156323831295905,0.7170796091623832,,,,,,,,
39.400000000000006,140.04375,20260930,,,,,,0.7144622877427307,0.7395662693505233,,,,,,,,,
39.400000000000006,140.04375,20261001,,,,,0.7197630747356133,,0.751176246528695,,,,,,,,,
39.400000000000006,140.04375,20261002,,0.7129627649833588,,,0.723882727430959,0.7161765004339475,0.7525191281817524,,,,,,,,,
39.400000000000006,140.05,20261001,,,,,,,0.7198069914900831,,,,,,,,,
39.400000000000006,140.05625,20261001,,,,,,,0.7198069914900831,,,,,,,,,
39.404166666666676,140.04375,20260930,,,,,,0.7144622877427307,0.7395662693505233,,,,,,,,,
39.404166666666676,140.04375,20261001,,,,,0.7197630747356133,,0.751176246528695,,,,,,,,,
39.404166666666676,140.04375,20261002,,0.7129627649833588,,,0.723882727430959,0.7161765004339475,0.7525191281817524,,,,,,,,,
39.404166666666676,140.05,20261001,,,,,,,0.7198069914900831,,,,,,,,,
39.404166666666676,140.05625,20261001,,,,,,,0.7198069914900831,,,,,,,,,
39.458333333333336,140.48125,20261001,,,,,,,0.7219533485788434,,,,,,,,,
39.458333333333336,140.6125,20261002,,,,,,,0.702277579820287,,,,,,,,,
39.458333333333336,140.61875,20261002,,,,,,,0.702277579820287,,,,,,,,,
39.462500000000006,140.48125,20261001,,,,,,,0.7219533485788434,,,,,,,,,
39.462500000000006,140.6125,20261002,,,,,,,0.702277579820287,,,,,,,,,
39.462500000000006,140.61875,20261002,,,,,,,0.702277579820287,,,,,,,,,
39.46666666666667,140.60625,20261002,,,,,,,0.7283155862049026,,,,,,,,,
39.47083333333334,140.60625,20261002,,,,,,,0.7283155862049026,,,,,,,,,
39.516666666666666,140.23125,20260930,,,,,,,0.7024523069906264,,,,,,,,,
39.516666666666666,140.51874999999998,20260930,,0.7009011684871954,,,0.7387016984080965,,0.8213574514263748,0.7010281264980125,0.714894925857263,0.7713584129462333,0.7447225527874047,,,,,
39.516666666666666,140.51874999999998,20261001,,,,,0.7829919134150366,0.7621521661393116,0.8351187633850096,,0.7220108781607014,0.7597425815470359,,,,,,
39.516666666666666,140.51874999999998,20261002,,0.7761892559633946,0.702368872362372,,0.7411207166028065,0.8284477443292213,0.8496574246374548,,,0.7044448941527257,,,,,,
39.520833333333336,140.23125,20260930,,,,,,,0.7024523069906264,,,,,,,,,
39.520833333333336,140.51874999999998,20260930,,0.7009011684871954,,,0.7387016984080965,,0.8213574514263748,0.7010281264980125,0.714894925857263,0.7713584129462333,0.7447225527874047,,,,,
39.520833333333336,140.51874999999998,20261001,,,,,0.7829919134150366,0.7621521661393116,0.8351187633850096,,0.7220108781607014,0.7597425815470359,,,,,,
39.520833333333336,140.51874999999998,20261002,,0.7761892559633946,0.702368872362372,,0.7411207166028065,0.8284477443292213,0.8496574246374548,,,0.7044448941527257,,,,,,
39.53333333333333,140.525,20260930,,0.8675104428763131,0.8166976501582172,0.8216873647221954,0.8583827461905295,0.8342512761588498,0.8985099502659539,0.82625728565492,0.8519957073477737,0.8886833076591973,0.8690878078735271,0.7585086058363164,0.7595694294454318,,0.7035407806260996,
39.53333333333333,140.525,20261001,,0.8675387142135353,0.8125238293608088,0.8209396701585728,0.8851139434858785,0.8638136141797549,0.9169404175634472,0.813624068479166,0.8538156357024141,0.8744398190578584,0.7548624888815153,0.7166590490679496,,,0.7294441504410345,
39.53333333333333,140.525,20261002,,0.9015828739236508,0.8617552211126855,0.8560726518529093,0.8784563850634889,0.9104503844496191,0.9147462903730177,0.840510844537838,0.814594494415329,0.8462800648547781,0.8128967854857814,,,,,
39.53333333333333,140.53125,20260930,,0.8675104428763131,0.8166976501582172,0.8216873647221954,0.8583827461905295,0.8342512761588498,0.8985099502659539,0.82625728565492,0.8519957073477737,0.8886833076591973,0.8690878078735271,0.7585086058363164,0.7595694294454318,,0.7035407806260996,
39.53333333333333,140.53125,20261001,,0.8675387142135353,0.8125238293608088,0.8209396701585728,0.8851139434858785,0.8638136141797549,0.9169404175634472,0.813624068479166,0.8538156357024141,0.8744398190578584,0.7548624888815153,0.7166590490679496,,,0.7294441504410345,
39.53333333333333,140.53125,20261002,,0.9015828739236508,0.8617552211126855,0.8560726518529093,0.8784563850634889,0.9104503844496191,0.9147462903730177,0.840510844537838,0.814594494415329,0.8462800648547781,0.8128967854857814,,,,,
39.53333333333333,140.5375,20260930,,0.8675104428763131,0.8166976501582172,0.8216873647221954,0.8583827461905295,0.8342512761588498,0.8985099502659539,0.82625728565492,0.8519957073477737,0.8886833076591973,0.8690878078735271,0.7585086058363164,0.7595694294454318,,0.7035407806260996,
39.53333333333333,140.5375,20261001,,0.8675387142135353,0.8125238293608088,0.8209396701585728,0.8851139434858785,0.8638136141797549,0.9169404175634472,0.813624068479166,0.8538156357024141,0.8744398190578584,0.7548624888815153,0.7166590490679496,,,0.7294441504410345,
39.53333333333333,140.5375,20261002,,0.9015828739236508,0.8617552211126855,0.8560726518529093,0.8784563850634889,0.9104503844496191,0.9147462903730177,0.840510844537838,0.814594494415329,0.8462800648547781,0.8128967854857814,,,,,
39.5375,140.525,20260930,,0.8675104428763131,0.8166976501582172,0.8216873647221954,0.8583827461905295,0.8342512761588498,0.8985099502659539,0.82625728565492,0.8519957073477737,0.8886833076591973,0.8690878078735271,0.7585086058363164,0.7595694294454318,,0.7035407806260996,
39.5375,140.525,20261001,,0.8675387142135353,0.8125238293608088,0.8209396701585728,0.8851139434858785,0.8638136141797549,0.9169404175634472,0.813624068479166,0.8538156357024141,0.8744398190578584,0.7548624888815153,0.7166590490679496,,,0.7294441504410345,
39.5375,140.525,20261002,,0.9015828739236508,0.8617552211126855,0.8560726518529093,0.8784563850634889,0.9104503844496191,0.9147462903730177,0.840510844537838,0.814594494415329,0.8462800648547781,0.8128967854857814,,,,,
39.5375,140.53125,20260930,,0.8675104428763131,0.8166976501582172,0.8216873647221954,0.8583827461905295,0.8342512761588498,0.8985099502659539,0.82625728565492,0.8519957073477737,0.8886833076591973,0.8690878078735271,0.7585086058363164,0.7595694294454318,,0.7035407806260996,
39.5375,140.53125,20261001,,0.8675387142135353,0.8125238293608088,0.8209396701585728,0.8851139434858785,0.8638136141797549,0.9169404175634472,0.813624068479166,0.8538156357024141,0.8744398190578584,0.7548624888815153,0.7166590490679496,,,0.7294441504410345,
39.5375,140.53125,20261002,,0.9015828739236508,0.8617552211126855,0.8560726518529093,0.8784563850634889,0.9104503844496191,0.9147462903730177,0.840510844537838,0.814594494415329,0.8462800648547781,0.8128967854857814,,,,,
39.5375,140.5375,20260930,,0.8675104428763131,0.8166976501582172,0.8216873647221954,0.8583827461905295,0.8342512761588498,0.8985099502659539,0.82625728565492,0.8519957073477737,0.8886833076591973,0.8690878078735271,0.7585086058363164,0.7595694294454318,,0.7035407806260996,
39.5375,140.5375,20261001,,0.8675387142135353,0.8125238293608088,0.8209396701585728,0.8851139434858785,0.8638136141797549,0.9169404175634472,0.813624068479166,0.8538156357024141,0.8744398190578584,0.7548624888815153,0.7166590490679496,,,0.7294441504410345,
39.5375,140.5375,20261002,,0.9015828739236508,0.8617552211126855,0.8560726518529093,0.8784563850634889,0.9104503844496191,0.9147462903730177,0.840510844537838,0.814594494415329,0.8462800648547781,0.8128967854857814,,,,,
39.55,140.60625,20260930,,,,,,,0.7305122161263898,,,,,,,,,
39.55,140.60625,20261001,,,,,,,0.7491341759797312,,,,,,,,,
39.55,140.60625,20261002,,,,,,0.7484154089051394,0.7665578056475588,,,,,,,,,
39.55416666666667,140.60625,20260930,,,,,,,0.7305122161263898,,,,,,,,,
39.55416666666667,140.60625,20261001,,,,,,,0.7491341759797312,,,,,,,,,
39.55416666666667,140.60625,20261002,,,,,,0.7484154089051394,0.7665578056475588,,,,,,,,,
39.583333333333336,140.5625,20260930,,0.7233833510189879,,,0.7394131524172525,0.7720421319493577,0.7521321882274554,,,0.7095828739202639,,,,,,
39.583333333333336,140.5625,20261001,,,,,0.7863595550011651,0.7457657303001622,0.773100833147598,,,,,,,,,
39.583333333333336,140.5625,20261002,,0.7043220732481679,,,,,,,,0.7229298996465426,,,,,,
39.583333333333336,140.56875,20260930,,0.7233833510189879,,,0.7394131524172525,0.7720421319493577,0.7521321882274554,,,0.7095828739202639,,,,,,
39.583333333333336,140.56875,20261001,,,,,0.7863595550011651,0.7457657303001622,0.773100833147598,,,,,,,,,
39.583333333333336,140.56875,20261002,,0.7043220732481679,,,,,,,,0.7229298996465426,,,,,,
39.583333333333336,140.575,20260930,,0.7233833510189879,,,0.7394131524172525,0.7720421319493577,0.7521321882274554,,,0.7095828739202639,,,,,,
39.583333333333336,140.575,20261001,,,,,0.7863595550011651,0.7457657303001622,0.773100833147598,,,,,,,,,
39.583333333333336,140.575,20261002,,0.7043220732481679,,,,,,,,0.7229298996465426,,,,,,
39.587500000000006,140.5625,20260930,,0.7233833510189879,,,0.7394131524172525,0.7720421319493577,0.7521321882274554,,,0.7095828739202639,,,,,,
39.587500000000006,140.5625,20261001,,,,,0.7863595550011651,0.7457657303001622,0.773100833147598,,,,,,,,,
39.587500000000006,140.5625,20261002,,0.7043220732481679,,,,,,,,0.7229298996465426,,,,,,
39.587500000000006,140.56875,20260930,,0.7233833510189879,,,0.7394131524172525,0.7720421319493577,0.7521321882274554,,,0.7095828739202639,,,,,,
39.587500000000006,140.56875,20261001,,,,,0.7863595550011651,0.7457657303001622,0.773100833147598,,,,,,,,,
39.587500000000006,140.56875,20261002,,0.7043220732481679,,,,,,,,0.7229298996465426,,,,,,
39.587500000000006,140.575,20260930,,0.7233833510189879,,,0.7394131524172525,0.7720421319493577,0.7521321882274554,,,0.7095828739202639,,,,,,
39.587500000000006,140.575,20261001,,,,,0.7863595550011651,0.7457657303001622,0.773100833147598,,,,,,,,,
39.587500000000006,140.575,20261002,,0.7043220732481679,,,,,,,,0.7229298996465426,,,,,,
39.59166666666667,140.5625,20260930,,0.7245611489944714,,,,0.7231749283388088,,,,,,,,,,
39.59166666666667,140.5625,20261001,,,,,0.7395260673504164,,,,,,,,,,,
39.59166666666667,140.5625,20261002,,0.7495589904035871,,,0.713938883474152,,,,,0.7266289320749221,,,,,,
39.59166666666667,140.56875,20260930,,0.7245611489944714,,,,0.7231749283388088,,,,,,,,,,
39.59166666666667,140.56875,20261001,,,,,0.7395260673504164,,,,,,,,,,,
39.59166666666667,140.56875,20261002,,0.7495589904035871,,,0.713938883474152,,,,,0.7266289320749221,,,,,,
39.59166666666667,140.575,20260930,,0.7245611489944714,,,,0.7231749283388088,,,,,,,,,,
39.59166666666667,140.575,20261001,,,,,0.7395260673504164,,,,,,,,,,,
39.59166666666667,140.575,20261002,,0.7495589904035871,,,0.713938883474152,,,,,0.7266289320749221,,,,,,
39.59583333333334,140.5625,20260930,,0.7245611489944714,,,,0.7231749283388088,,,,,,,,,,
39.59583333333334,140.5625,20261001,,,,,0.7395260673504164,,,,,,,,,,,
39.59583333333334,140.5625,20261002,,0.7495589904035871,,,0.713938883474152,,,,,0.7266289320749221,,,,,,
39.59583333333334,140.56875,20260930,,0.7245611489944714,,,,0.7231749283388088,,,,,,,,,,
39.59583333333334,140.56875,20261001,,,,,0.7395260673504164,,,,,,,,,,,
39.59583333333334,140.56875,20261002,,0.7495589904035871,,,0.713938883474152,,,,,0.7266289320749221,,,,,,
39.59583333333334,140.575,20260930,,0.7245611489944714,,,,0.7231749283388088,,,,,,,,,,
39.59583333333334,140.575,20261001,,,,,0.7395260673504164,,,,,,,,,,,
39.59583333333334,140.575,20261002,,0.7495589904035871,,,0.713938883474152,,,,,0.7266289320749221,,,,,,
39.61666666666667,140.15,20261001,,,,,,0.7064117963970401,0.7364962710722626,,,,,,,,,
39.61666666666667,140.15,20261002,,,,,,,0.7068499726181112,,,,,,,,,
39.61666666666667,140.15625,20261001,,,,,,0.7064117963970401,0.7364962710722626,,,,,,,,,
39.61666666666667,140.15625,20261002,,,,,,,0.7068499726181112,,,,,,,,,
39.61666666666667,140.1625,20261001,,,,,,0.7064117963970401,0.7364962710722626,,,,,,,,,
39.61666666666667,140.1625,20261002,,,,,,,0.7068499726181112,,,,,,,,,
39.62083333333334,140.15,20261001,,,,,,0.7064117963970401,0.7364962710722626,,,,,,,,,
39.62083333333334,140.15,20261002,,,,,,,0.7068499726181112,,,,,,,,,
39.62083333333334,140.15625,20261001,,,,,,0.7064117963970401,0.7364962710722626,,,,,,,,,
39.62083333333334,140.15625,20261002,,,,,,,0.7068499726181112,,,,,,,,,
39.62083333333334,140.1625,20261001,,,,,,0.7064117963970401,0.7364962710722626,,,,,,,,,
39.62083333333334,140.1625,20261002,,,,,,,0.7068499726181112,,,,,,,,,
39.650000000000006,140.15,20260930,,0.8881271046441973,0.8400869651702245,0.8488163927598958,0.8774049212714539,0.8730847873008515,0.9027396524469952,0.8535462925506915,0.836900530332952,0.8773939000560457,0.8495664861382279,,,,,
39.650000000000006,140.15,20261001,,0.8876199005265265,0.840776869542375,0.8521333314189669,0.8757461882916333,0.9123203803609886,0.9224821117410699,0.8414121123962574,0.8390270184773545,0.863452906432784,0.8542236955750342,,,,0.7535687583757296,
39.650000000000006,140.15,20261002,0.8266749933300992,0.8929041307025468,0.8696529341762789,0.899468162812129,0.8860289278869424,0.9023802044534396,0.9155111295251408,0.8611584774761077,0.8537927765099104,0.8724590788114839,0.8437111387753948,,0.7035327672026997,,0.7139842246534938,
39.650000000000006,140.15625,20260930,,0.8881271046441973,0.8400869651702245,0.8488163927598958,0.8774049212714539,0.8730847873008515,0.9027396524469952,0.8535462925506915,0.836900530332952,0.8773939000560457,0.8495664861382279,,,,,
39.650000000000006,140.15625,20261001,,0.8876199005265265,0.840776869542375,0.8521333314189669,0.8757461882916333,0.9123203803609886,0.9224821117410699,0.8414121123962574,0.8390270184773545,0.863452906432784,0.8542236955750342,,,,0.7535687583757296,
39.650000000000006,140.15625,20261002,0.8266749933300992,0.8929041307025468,0.8696529341762789,0.899468162812129,0.8860289278869424,0.9023802044534396,0.9155111295251408,0.8611584774761077,0.8537927765099104,0.8724590788114839,0.8437111387753948,,0.7035327672026997,,0.7139842246534938,
39.650000000000006,140.1625,20260930,,0.8881271046441973,0.8400869651702245,0.8488163927598958,0.8774049212714539,0.8730847873008515,0.9027396524469952,0.8535462925506915,0.836900530332952,0.8773939000560457,0.8495664861382279,,,,,
39.650000000000006,140.1625,20261001,,0.8876199005265265,0.840776869542375,0.8521333314189669,0.8757461882916333,0.9123203803609886,0.9224821117410699,0.8414121123962574,0.8390270184773545,0.863452906432784,0.8542236955750342,,,,0.7535687583757296,
39.650000000000006,140.1625,20261002,0.8266749933300992,0.8929041307025468,0.8696529341762789,0.899468162812129,0.8860289278869424,0.9023802044534396,0.9155111295251408,0.8611584774761077,0.8537927765099104,0.8724590788114839,0.8437111387753948,,0.7035327672026997,,0.7139842246534938,
39.654166666666676,140.15,20260930,,0.8881271046441973,0.8400869651702245,0.8488163927598958,0.8774049212714539,0.8730847873008515,0.9027396524469952,0.8535462925506915,0.836900530332952,0.8773939000560457,0.8495664861382279,,,,,
39.654166666666676,140.15,20261001,,0.8876199005265265,0.840776869542375,0.8521333314189669,0.8757461882916333,0.9123203803609886,0.9224821117410699,0.8414121123962574,0.8390270184773545,0.863452906432784,0.8542236955750342,,,,0.7535687583757296,
39.654166666666676,140.15,20261002,0.8266749933300992,0.8929041307025468,0.8696529341762789,0.899468162812129,0.8860289278869424,0.9023802044534396,0.9155111295251408,0.8611584774761077,0.8537927765099104,0.8724590788114839,0.8437111387753948,,0.7035327672026997,,0.7139842246534938,
39.654166666666676,140.15625,20260930,,0.8881271046441973,0.8400869651702245,0.8488163927598958,0.8774049212714539,0.8730847873008515,0.9027396524469952,0.8535462925506915,0.836900530332952,0.8773939000560457,0.8495664861382279,,,,,
39.654166666666676,140.15625,20261001,,0.8876199005265265,0.840776869542375,0.8521333314189669,0.8757461882916333,0.9123203803609886,0.9224821117410699,0.8414121123962574,0.8390270184773545,0.863452906432784,0.8542236955750342,,,,0.7535687583757296,
39.654166666666676,140.15625,20261002,0.8266749933300992,0.8929041307025468,0.8696529341762789,0.899468162812129,0.8860289278869424,0.9023802044534396,0.9155111295251408,0.8611584774761077,0.8537927765099104,0.8724590788114839,0.8437111387753948,,0.7035327672026997,,0.7139842246534938,
39.654166666666676,140.1625,20260930,,0.8881271046441973,0.8400869651702245,0.8488163927598958,0.8774049212714539,0.8730847873008515,0.9027396524469952,0.8535462925506915,0.836900530332952,0.8773939000560457,0.8495664861382279,,,,,
39.654166666666676,140.1625,20261001,,0.8876199005265265,0.840776869542375,0.8521333314189669,0.8757461882916333,0.9123203803609886,0.9224821117410699,0.8414121123962574,0.8390270184773545,0.863452906432784,0.8542236955750342,,,,0.7535687583757296,
39.654166666666676,140.1625,20261002,0.8266749933300992,0.8929041307025468,0.8696529341762789,0.899468162812129,0.8860289278869424,0.9023802044534396,0.9155111295251408,0.8611584774761077,0.8537927765099104,0.8724590788114839,0.8437111387753948,,0.7035327672026997,,0.7139842246534938,
39.65833333333334,140.08124999999998,20261001,,,,,0.712014082035261,0.7417452888620628,0.7045053193870842,,,,,,,,,
39.65833333333334,140.175,20260930,,0.8800645545205747,0.8292279406863448,0.8384361450914821,0.8686838903902976,0.8641040346597615,0.8956064255623254,0.843430896394822,0.8258699782954425,0.87137464388725,0.8424264171580292,,,,,
39.65833333333334,140.175,20261001,,0.8795257552786285,0.8299552108114635,0.8419384158352958,0.8669250568033046,0.9152586949898067,0.9251078417779153,0.846326435395984,0.8440015479470773,0.867791546799906,0.8588076322391982,,,,0.7432493187303958,
39.65833333333334,140.175,20261002,0.737504035403196,0.8125787185774185,0.7762582253176765,0.836784755102208,0.7961201540758527,0.8312549843890082,0.8558285487287416,0.7633659839924442,0.7523045080696565,0.7841497070742927,0.7413966979103082,,,,,
39.65833333333334,140.18125,20260930,,0.8800645545205747,0.8292279406863448,0.8384361450914821,0.8686838903902976,0.8641040346597615,0.8956064255623254,0.843430896394822,0.8258699782954425,0.87137464388725,0.8424264171580292,,,,,
39.65833333333334,140.18125,20261001,,0.8795257552786285,0.8299552108114635,0.8419384158352958,0.8669250568033046,0.9152586949898067,0.9251078417779153,0.846326435395984,0.8440015479470773,0.867791546799906,0.8588076322391982,,,,0.7432493187303958,
39.65833333333334,140.18125,20261002,0.737504035403196,0.8125787185774185,0.7762582253176765,0.836784755102208,0.7961201540758527,0.8312549843890082,0.8558285487287416,0.7633659839924442,0.7523045080696565,0.7841497070742927,0.7413966979103082,,,,,
39.66250000000001,140.08124999999998,20261001,,,,,0.712014082035261,0.7417452888620628,0.7045053193870842,,,,,,,,,
39.66250000000001,140.175,20260930,,0.8800645545205747,0.8292279406863448,0.8384361450914821,0.8686838903902976,0.8641040346597615,0.8956064255623254,0.843430896394822,0.8258699782954425,0.87137464388725,0.8424264171580292,,,,,
39.66250000000001,140.175,20261001,,0.8795257552786285,0.8299552108114635,0.8419384158352958,0.8669250568033046,0.9152586949898067,0.9251078417779153,0.846326435395984,0.8440015479470773,0.867791546799906,0.8588076322391982,,,,0.7432493187303958,
39.66250000000001,140.175,20261002,0.737504035403196,0.8125787185774185,0.7762582253176765,0.836784755102208,0.7961201540758527,0.8312549843890082,0.8558285487287416,0.7633659839924442,0.7523045080696565,0.7841497070742927,0.7413966979103082,,,,,
39.66250000000001,140.18125,20260930,,0.8800645545205747,0.8292279406863448,0.8384361450914821,0.8686838903902976,0.8641040346597615,0.8956064255623254,0.843430896394822,0.8258699782954425,0.87137464388725,0.8424264171580292,,,,,
39.66250000000001,140.18125,20261001,,0.8795257552786285,0.8299552108114635,0.8419384158352958,0.8669250568033046,0.9152586949898067,0.9251078417779153,0.846326435395984,0.8440015479470773,0.867791546799906,0.8588076322391982,,,,0.7432493187303958,
39.66250000000001,140.18125,20261002,0.737504035403196,0.8125787185774185,0.7762582253176765,0.836784755102208,0.7961201540758527,0.8312549843890082,0.8558285487287416,0.7633659839924442,0.7523045080696565,0.7841497070742927,0.7413966979103082,,,,,
39.66666666666667,140.0625,20260930,0.764051134077988,0.893496921976784,0.8473663833615984,0.8639644491834939,0.896505189527091,0.8607286235471983,0.8884144761508815,0.8253085600168275,0.7966409593326176,0.8210747344165821,0.7836172130561315,,,,0.7270426542311744,
39.66666666666667,140.0625,20261001,0.7408033520608759,0.8555072010823531,0.8021618640293731,0.8159696255578117,0.908585326924454,0.9221930490252687,0.9088276948540338,0.8273653555527403,0.829856831701001,0.8532373637427597,0.7952567535644953,,,,,
39.66666666666667,140.0625,20261002,0.8132558331103182,0.8738014841024122,0.8502020735608147,0.8721538772235291,0.8843344508634476,0.8926672842167795,0.9069700111371317,0.8507845313036417,0.8309597097202084,0.852035920489031,0.8227166817717284,,,,,
39.66666666666667,140.06875,20260930,0.764051134077988,0.893496921976784,0.8473663833615984,0.8639644491834939,0.896505189527091,0.8607286235471983,0.8884144761508815,0.8253085600168275,0.7966409593326176,0.8210747344165821,0.7836172130561315,,,,0.7270426542311744,
39.66666666666667,140.06875,20261001,0.7408033520608759,0.8555072010823531,0.8021618640293731,0.8159696255578117,0.908585326924454,0.9221930490252687,0.9088276948540338,0.8273653555527403,0.829856831701001,0.8532373637427597,0.7952567535644953,,,,,
39.66666666666667,140.06875,20261002,0.8132558331103182,0.8738014841024122,0.8502020735608147,0.8721538772235291,0.8843344508634476,0.8926672842167795,0.9069700111371317,0.8507845313036417,0.8309597097202084,0.852035920489031,0.8227166817717284,,,,,
39.66666666666667,140.075,20260930,0.764051134077988,0.893496921976784,0.8473663833615984,0.8639644491834939,0.896505189527091,0.8607286235471983,0.8884144761508815,0.8253085600168275,0.7966409593326176,0.8210747344165821,0.7836172130561315,,,,0.7270426542311744,
39.66666666666667,140.075,20261001,0.7408033520608759,0.8555072010823531,0.8021618640293731,0.8159696255578117,0.908585326924454,0.9221930490252687,0.9088276948540338,0.8273653555527403,0.829856831701001,0.8532373637427597,0.7952567535644953,,,,,
39.66666666666667,140.075,20261002,0.8132558331103182,0.8738014841024122,0.8502020735608147,0.8721538772235291,0.8843344508634476,0.8926672842167795,0.9069700111371317,0.8507845313036417,0.8309597097202084,0.852035920489031,0.8227166817717284,,,,,
39.66666666666667,140.08124999999998,20260930,,0.8412925039295147,0.7781642402360963,0.8014092063085679,0.8517028031871493,0.7822178614497438,0.838483881993134,0.7451960316146862,0.708032541257522,0.7436299342868807,,,,,,
39.66666666666667,140.08124999999998,20261001,,0.7738440678364139,0.7008905197878066,0.7204227431479351,0.8238665723490481,0.8529483884922158,0.8382324434813365,0.702842991121834,0.7064940606124076,0.7244937871817657,,,,,,
39.66666666666667,140.08124999999998,20261002,0.7559025942614828,0.7977956503840826,0.7792346138426797,0.8144180069120258,0.8225606223432874,0.842522647452495,0.8657204151668567,0.7663550943932834,0.7387573490123553,0.771815969160482,0.731608206699029,,,,,
39.66666666666667,140.2375,20261001,,,,,,,0.7425957337886832,,,,,,,,,
39.66666666666667,140.24375,20261001,,,,,,,0.7425957337886832,,,,,,,,,
39.67083333333334,140.0625,20260930,0.764051134077988,0.893496921976784,0.8473663833615984,0.8639644491834939,0.896505189527091,0.8607286235471983,0.8884144761508815,0.8253085600168275,0.7966409593326176,0.8210747344165821,0.7836172130561315,,,,0.7270426542311744,
39.67083333333334,140.0625,20261001,0.7408033520608759,0.8555072010823531,0.8021618640293731,0.8159696255578117,0.908585326924454,0.9221930490252687,0.9088276948540338,0.8273653555527403,0.829856831701001,0.8532373637427597,0.7952567535644953,,,,,
39.67083333333334,140.0625,20261002,0.8132558331103182,0.8738014841024122,0.8502020735608147,0.8721538772235291,0.8843344508634476,0.8926672842167795,0.9069700111371317,0.8507845313036417,0.8309597097202084,0.852035920489031,0.8227166817717284,,,,,
39.67083333333334,140.06875,20260930,0.764051134077988,0.893496921976784,0.8473663833615984,0.8639644491834939,0.896505189527091,0.8607286235471983,0.8884144761508815,0.8253085600168275,0.7966409593326176,0.8210747344165821,0.7836172130561315,,,,0.7270426542311744,
39.67083333333334,140.06875,20261001,0.7408033520608759,0.8555072010823531,0.8021618640293731,0.8159696255578117,0.908585326924454,0.9221930490252687,0.9088276948540338,0.8273653555527403,0.829856831701001,0.8532373637427597,0.7952567535644953,,,,,
39.67083333333334,140.06875,20261002,0.8132558331103182,0.8738014841024122,0.8502020735608147,0.8721538772235291,0.8843344508634476,0.8926672842167795,0.9069700111371317,0.8507845313036417,0.8309597097202084,0.852035920489031,0.8227166817717284,,,,,
39.67083333333334,140.075,20260930,0.764051134077988,0.893496921976784,0.8473663833615984,0.8639644491834939,0.896505189527091,0.8607286235471983,0.8884144761508815,0.8253085600168275,0.7966409593326176,0.8210747344165821,0.7836172130561315,,,,0.7270426542311744,
39.67083333333334,140.075,20261001,0.7408033520608759,0.8555072010823531,0.8021618640293731,0.8159696255578117,0.908585326924454,0.9221930490252687,0.9088276948540338,0.8273653555527403,0.829856831701001,0.8532373637427597,0.7952567535644953,,,,,
39.67083333333334,140.075,20261002,0.8132558331103182,0.8738014841024122,0.8502020735608147,0.8721538772235291,0.8843344508634476,0.8926672842167795,0.9069700111371317,0.8507845313036417,0.8309597097202084,0.852035920489031,0.8227166817717284,,,,,
39.67083333333334,140.08124999999998,20260930,,0.8412925039295147,0.7781642402360963,0.8014092063085679,0.8517028031871493,0.7822178614497438,0.838483881993134,0.7451960316146862,0.708032541257522,0.7436299342868807,,,,,,
39.67083333333334,140.08124999999998,20261001,,0.7738440678364139,0.7008905197878066,0.7204227431479351,0.8238665723490481,0.8529483884922158,0.8382324434813365,0.702842991121834,0.7064940606124076,0.7244937871817657,,,,,,
39.67083333333334,140.08124999999998,20261002,0.7559025942614828,0.7977956503840826,0.7792346138426797,0.8144180069120258,0.8225606223432874,0.842522647452495,0.8657204151668567,0.7663550943932834,0.7387573490123553,0.771815969160482,0.731608206699029,,,,,
39.67083333333334,140.2375,20261001,,,,,,,0.7425957337886832,,,,,,,,,
39.67083333333334,140.24375,20261001,,,,,,,0.7425957337886832,,,,,,,,,
39.675000000000004,140.0625,20260930,,0.7370186127674532,,,0.7446954152146501,,0.7122541947996707,,,,,,,,,
39.675000000000004,140.0625,20261001,,,,,0.7159703673144641,0.7576261798489573,0.7238813164923577,,,,,,,,,
39.675000000000004,140.0625,20261002,,,,,0.7229571958594047,0.7424826342365208,0.7653610301543973,,,,,,,,,
39.675000000000004,140.06875,20260930,,0.7370186127674532,,,0.7446954152146501,,0.7122541947996707,,,,,,,,,
39.675000000000004,140.06875,20261001,,,,,0.7159703673144641,0.7576261798489573,0.7238813164923577,,,,,,,,,
39.675000000000004,140.06875,20261002,,,,,0.7229571958594047,0.7424826342365208,0.7653610301543973,,,,,,,,,
39.675000000000004,140.075,20260930,,0.7370186127674532,,,0.7446954152146501,,0.7122541947996707,,,,,,,,,
39.675000000000004,140.075,20261001,,,,,0.7159703673144641,0.7576261798489573,0.7238813164923577,,,,,,,,,
39.675000000000004,140.075,20261002,,,,,0.7229571958594047,0.7424826342365208,0.7653610301543973,,,,,,,,,
39.675000000000004,140.0875,20260930,,0.8074655227961144,0.735118449373497,0.7614914645039554,0.8196189339388081,0.739695530230739,0.8041975953544839,,,,,,,,,
39.675000000000004,140.0875,20261001,,0.730250571427319,,,0.7872646132762299,0.8210773882298495,0.8039052647009564,,,,,,,,,
39.675000000000004,140.0875,20261002,0.7101461058411591,0.7573714677823234,0.7363261451070126,0.7763854907338661,0.7857578490007637,0.8088983017527791,0.8360855786462035,0.7218369321223865,,0.7279689649789423,,,,,,
39.675000000000004,140.09375,20260930,,0.8074655227961144,0.735118449373497,0.7614914645039554,0.8196189339388081,0.739695530230739,0.8041975953544839,,,,,,,,,
39.675000000000004,140.09375,20261001,,0.730250571427319,,,0.7872646132762299,0.8210773882298495,0.8039052647009564,,,,,,,,,
39.675000000000004,140.09375,20261002,0.7101461058411591,0.7573714677823234,0.7363261451070126,0.7763854907338661,0.7857578490007637,0.8088983017527791,0.8360855786462035,0.7218369321223865,,0.7279689649789423,,,,,,
39.675000000000004,140.1,20260930,,0.8074655227961144,0.735118449373497,0.7614914645039554,0.8196189339388081,0.739695530230739,0.8041975953544839,,,,,,,,,
39.675000000000004,140.1,20261001,,0.730250571427319,,,0.7872646132762299,0.8210773882298495,0.8039052647009564,,,,,,,,,
39.675000000000004,140.1,20261002,0.7101461058411591,0.7573714677823234,0.7363261451070126,0.7763854907338661,0.7857578490007637,0.8088983017527791,0.8360855786462035,0.7218369321223865,,0.7279689649789423,,,,,,
39.679166666666674,140.0625,20260930,,0.7370186127674532,,,0.7446954152146501,,0.7122541947996707,,,,,,,,,
39.679166666666674,140.0625,20261001,,,,,0.7159703673144641,0.7576261798489573,0.7238813164923577,,,,,,,,,
39.679166666666674,140.0625,20261002,,,,,0.7229571958594047,0.7424826342365208,0.7653610301543973,,,,,,,,,
39.679166666666674,140.06875,20260930,,0.7370186127674532,,,0.7446954152146501,,0.7122541947996707,,,,,,,,,
39.679166666666674,140.06875,20261001,,,,,0.7159703673144641,0.7576261798489573,0.7238813164923577,,,,,,,,,
39.679166666666674,140.06875,20261002,,,,,0.7229571958594047,0.7424826342365208,0.7653610301543973,,,,,,,,,
39.679166666666674,140.075,20260930,,0.7370186127674532,,,0.7446954152146501,,0.7122541947996707,,,,,,,,,
39.679166666666674,140.075,20261001,,,,,0.7159703673144641,0.7576261798489573,0.7238813164923577,,,,,,,,,
39.679166666666674,140.075,20261002,,,,,0.7229571958594047,0.7424826342365208,0.7653610301543973,,,,,,,,,
39.679166666666674,140.0875,20260930,,0.8074655227961144,0.735118449373497,0.7614914645039554,0.8196189339388081,0.739695530230739,0.8041975953544839,,,,,,,,,
39.679166666666674,140.0875,20261001,,0.730250571427319,,,0.7872646132762299,0.8210773882298495,0.8039052647009564,,,,,,,,,
39.679166666666674,140.0875,20261002,0.7101461058411591,0.7573714677823234,0.7363261451070126,0.7763854907338661,0.7857578490007637,0.8088983017527791,0.8360855786462035,0.7218369321223865,,0.7279689649789423,,,,,,
39.679166666666674,140.09375,20260930,,0.8074655227961144,0.735118449373497,0.7614914645039554,0.8196189339388081,0.739695530230739,0.8041975953544839,,,,,,,,,
39.679166666666674,140.09375,20261001,,0.730250571427319,,,0.7872646132762299,0.8210773882298495,0.8039052647009564,,,,,,,,,
39.679166666666674,140.09375,20261002,0.7101461058411591,0.7573714677823234,0.7363261451070126,0.7763854907338661,0.7857578490007637,0.8088983017527791,0.8360855786462035,0.7218369321223865,,0.7279689649789423,,,,,,
39.679166666666674,140.1,20260930,,0.8074655227961144,0.735118449373497,0.7614914645039554,0.8196189339388081,0.739695530230739,0.8041975953544839,,,,,,,,,
39.679166666666674,140.1,20261001,,0.730250571427319,,,0.7872646132762299,0.8210773882298495,0.8039052647009564,,,,,,,,,
39.679166666666674,140.1,20261002,0.7101461058411591,0.7573714677823234,0.7363261451070126,0.7763854907338661,0.7857578490007637,0.8088983017527791,0.8360855786462035,0.7218369321223865,,0.7279689649789423,,,,,,
39.68333333333334,140.10625,20260930,0.7387563337707778,0.8622370827747139,0.8055139105413327,0.8257271787632465,0.86599588652596,0.82176944933831,0.8559034615722835,0.7789853347313275,0.7450640874833498,0.7739363392478534,0.729857300924937,,,,,
39.68333333333334,140.10625,20261001,0.713949355429002,0.8154006655340906,0.7515485323802809,0.7678665189742453,0.8811650977274369,0.8983980825810616,0.88147068099789,0.7814431012182526,0.7844246461304376,0.7952138951115563,0.7217848072679685,,,,,
39.68333333333334,140.10625,20261002,0.7869896137319984,0.8338409303060934,0.8044412157624053,0.8357809773378309,0.847125631682422,0.8612017642758193,0.8791297173933197,0.8096587876004736,0.7857459852012243,0.8111785298046676,0.7758927936425932,,,,,
39.68750000000001,140.10625,20260930,0.7387563337707778,0.8622370827747139,0.8055139105413327,0.8257271787632465,0.86599588652596,0.82176944933831,0.8559034615722835,0.7789853347313275,0.7450640874833498,0.7739363392478534,0.729857300924937,,,,,
39.68750000000001,140.10625,20261001,0.713949355429002,0.8154006655340906,0.7515485323802809,0.7678665189742453,0.8811650977274369,0.8983980825810616,0.88147068099789,0.7814431012182526,0.7844246461304376,0.7952138951115563,0.7217848072679685,,,,,
39.68750000000001,140.10625,20261002,0.7869896137319984,0.8338409303060934,0.8044412157624053,0.8357809773378309,0.847125631682422,0.8612017642758193,0.8791297173933197,0.8096587876004736,0.7857459852012243,0.8111785298046676,0.7758927936425932,,,,,
39.69166666666667,140.08124999999998,20260930,,0.7017263462140714,,,0.7182251788852084,,0.7010546408743514,,,,,,,,,
39.69166666666667,140.08124999999998,20261001,,,,,0.703519287456344,0.7463542551412099,0.7244175966501054,,,,,,,,,
39.69166666666667,140.08124999999998,20261002,,,,,,0.7073303862221499,0.7444014704531222,,,,,,,,,
39.69166666666667,140.1125,20260930,0.7659023925075028,0.8944728213454524,0.8486934011635009,0.8651701225331451,0.8974566873528212,0.861958393562054,0.8894311834395037,0.8267881507314665,0.798304017839693,0.8225824757897363,0.7853580823144172,,,,0.7243350545671592,
39.69166666666667,140.1125,20261001,0.7427756055881161,0.8567754045111046,0.8037908930507721,0.8175108246703268,0.8994174075861123,0.9142610581989704,0.8996813986680026,0.8117396972081532,0.8144060976654287,0.8394991786202604,0.7775063946398816,,,,,
39.69166666666667,140.1125,20261002,0.8148146014517961,0.8749325933983009,0.8515087577897523,0.8732976126231728,0.8853835371138385,0.8936498807976976,0.9078351896211302,0.8520870186865751,0.8324011565701683,0.8533293677267394,0.8242135492407082,,0.7009797553190928,,,
39.69166666666667,140.11875,20260930,0.7659023925075028,0.8944728213454524,0.8486934011635009,0.8651701225331451,0.8974566873528212,0.861958393562054,0.8894311834395037,0.8267881507314665,0.798304017839693,0.8225824757897363,0.7853580823144172,,,,0.7243350545671592,
39.69166666666667,140.11875,20261001,0.7427756055881161,0.8567754045111046,0.8037908930507721,0.8175108246703268,0.8994174075861123,0.9142610581989704,0.8996813986680026,0.8117396972081532,0.8144060976654287,0.8394991786202604,0.7775063946398816,,,,,
39.69166666666667,140.11875,20261002,0.8148146014517961,0.8749325933983009,0.8515087577897523,0.8732976126231728,0.8853835371138385,0.8936498807976976,0.9078351896211302,0.8520870186865751,0.8324011565701683,0.8533293677267394,0.8242135492407082,,0.7009797553190928,,,
39.69583333333334,140.08124999999998,20260930,,0.7017263462140714,,,0.7182251788852084,,0.7010546408743514,,,,,,,,,
39.69583333333334,140.08124999999998,20261001,,,,,0.703519287456344,0.7463542551412099,0.7244175966501054,,,,,,,,,
39.69583333333334,140.08124999999998,20261002,,,,,,0.7073303862221499,0.7444014704531222,,,,,,,,,
39.69583333333334,140.1125,20260930,0.7659023925075028,0.8944728213454524,0.8486934011635009,0.8651701225331451,0.8974566873528212,0.861958393562054,0.8894311834395037,0.8267881507314665,0.798304017839693,0.8225824757897363,0.7853580823144172,,,,0.7243350545671592,
39.69583333333334,140.1125,20261001,0.7427756055881161,0.8567754045111046,0.8037908930507721,0.8175108246703268,0.8994174075861123,0.9142610581989704,0.8996813986680026,0.8117396972081532,0.8144060976654287,0.8394991786202604,0.7775063946398816,,,,,
39.69583333333334,140.1125,20261002,0.8148146014517961,0.8749325933983009,0.8515087577897523,0.8732976126231728,0.8853835371138385,0.8936498807976976,0.9078351896211302,0.8520870186865751,0.8324011565701683,0.8533293677267394,0.8242135492407082,,0.7009797553190928,,,
39.69583333333334,140.11875,20260930,0.7659023925075028,0.8944728213454524,0.8486934011635009,0.8651701225331451,0.8974566873528212,0.861958393562054,0.8894311834395037,0.8267881507314665,0.798304017839693,0.8225824757897363,0.7853580823144172,,,,0.7243350545671592,
39.69583333333334,140.11875,20261001,0.7427756055881161,0.8567754045111046,0.8037908930507721,0.8175108246703268,0.8994174075861123,0.9142610581989704,0.8996813986680026,0.8117396972081532,0.8144060976654287,0.8394991786202604,0.7775063946398816,,,,,
39.69583333333334,140.11875,20261002,0.8148146014517961,0.8749325933983009,0.8515087577897523,0.8732976126231728,0.8853835371138385,0.8936498807976976,0.9078351896211302,0.8520870186865751,0.8324011565701683,0.8533293677267394,0.8242135492407082,,0.7009797553190928,,,
39.7,140.0875,20260930,,0.8200822153390058,0.7510141414400695,0.7762861375760287,0.8316053077591996,0.7554079396415081,0.816979895362815,0.7154862654881897,,0.7138076927801421,,,,,,
39.7,140.0875,20261001,,0.7463375862922563,,,0.8187359154096383,0.8485090972407497,0.8334356519130708,,,0.7174611672936257,,,,,,
39.7,140.0875,20261002,0.7269838346114703,0.772345301145033,0.7521737955760892,0.7905104502253236,0.7994437196570529,0.8214418671008361,0.8471817556404214,0.7382458560455769,0.7085904199067212,0.7441443740527012,0.7009499142115336,,,,,
39.7,140.09375,20260930,,0.8200822153390058,0.7510141414400695,0.7762861375760287,0.8316053077591996,0.7554079396415081,0.816979895362815,0.7154862654881897,,0.7138076927801421,,,,,,
39.7,140.09375,20261001,,0.7463375862922563,,,0.8187359154096383,0.8485090972407497,0.8334356519130708,,,0.7174611672936257,,,,,,
39.7,140.09375,20261002,0.7269838346114703,0.772345301145033,0.7521737955760892,0.7905104502253236,0.7994437196570529,0.8214418671008361,0.8471817556404214,0.7382458560455769,0.7085904199067212,0.7441443740527012,0.7009499142115336,,,,,
39.7,140.1,20260930,,0.8200822153390058,0.7510141414400695,0.7762861375760287,0.8316053077591996,0.7554079396415081,0.816979895362815,0.7154862654881897,,0.7138076927801421,,,,,,
39.7,140.1,20261001,,0.7463375862922563,,,0.8187359154096383,0.8485090972407497,0.8334356519130708,,,0.7174611672936257,,,,,,
39.7,140.1,20261002,0.7269838346114703,0.772345301145033,0.7521737955760892,0.7905104502253236,0.7994437196570529,0.8214418671008361,0.8471817556404214,0.7382458560455769,0.7085904199067212,0.7441443740527012,0.7009499142115336,,,,,
39.7,140.29375,20260930,,,,,,,0.7384982068499558,,,,,,,,,
39.7,140.29375,20261001,,,,,,,0.7520689738572208,,,,,,,,,
39.7,140.29375,20261002,,,,,0.7179789304131438,,,,,,,,,,,
39.70416666666667,140.0875,20260930,,0.8200822153390058,0.7510141414400695,0.7762861375760287,0.8316053077591996,0.7554079396415081,0.816979895362815,0.7154862654881897,,0.7138076927801421,,,,,,
39.70416666666667,140.0875,20261001,,0.7463375862922563,,,0.8187359154096383,0.8485090972407497,0.8334356519130708,,,0.7174611672936257,,,,,,
39.70416666666667,140.0875,20261002,0.7269838346114703,0.772345301145033,0.7521737955760892,0.7905104502253236,0.7994437196570529,0.8214418671008361,0.8471817556404214,0.7382458560455769,0.7085904199067212,0.7441443740527012,0.7009499142115336,,,,,
39.70416666666667,140.09375,20260930,,0.8200822153390058,0.7510141414400695,0.7762861375760287,0.8316053077591996,0.7554079396415081,0.816979895362815,0.7154862654881897,,0.7138076927801421,,,,,,
39.70416666666667,140.09375,20261001,,0.7463375862922563,,,0.8187359154096383,0.8485090972407497,0.8334356519130708,,,0.7174611672936257,,,,,,
39.70416666666667,140.09375,20261002,0.7269838346114703,0.772345301145033,0.7521737955760892,0.7905104502253236,0.7994437196570529,0.8214418671008361,0.8471817556404214,0.7382458560455769,0.7085904199067212,0.7441443740527012,0.7009499142115336,,,,,
39.70416666666667,140.1,20260930,,0.8200822153390058,0.7510141414400695,0.7762861375760287,0.8316053077591996,0.7554079396415081,0.816979895362815,0.7154862654881897,,0.7138076927801421,,,,,,
39.70416666666667,140.1,20261001,,0.7463375862922563,,,0.8187359154096383,0.8485090972407497,0.8334356519130708,,,0.7174611672936257,,,,,,
39.70416666666667,140.1,20261002,0.7269838346114703,0.772345301145033,0.7521737955760892,0.7905104502253236,0.7994437196570529,0.8214418671008361,0.8471817556404214,0.7382458560455769,0.7085904199067212,0.7441443740527012,0.7009499142115336,,,,,
39.70416666666667,140.29375,20260930,,,,,,,0.7384982068499558,,,,,,,,,
39.70416666666667,140.29375,20261001,,,,,,,0.7520689738572208,,,,,,,,,
39.70416666666667,140.29375,20261002,,,,,0.7179789304131438,,,,,,,,,,,
39.708333333333336,140.20624999999998,20260930,,0.743271956284908,,0.7274020518488551,0.7712778685581345,0.7656214618168727,0.8240709504854302,0.7397722349099705,0.7413630444574899,0.7763525811683515,0.7401636435368242,,,,,
39.708333333333336,140.20624999999998,20261001,,0.7746811640223592,,0.7032384821022268,0.7709675399099046,0.8179548907928211,0.8502109930726579,,,0.7234710355455509,,,,,,
39.708333333333336,140.20624999999998,20261002,0.7119361345571592,0.7834452906483956,0.7401537614484182,0.7628468421336562,0.7778457118350337,0.8330669755434663,0.8295275398875048,0.7184941602437845,0.7114754545664026,0.7468031909123333,,,,,,
39.712500000000006,140.20624999999998,20260930,,0.743271956284908,,0.7274020518488551,0.7712778685581345,0.7656214618168727,0.8240709504854302,0.7397722349099705,0.7413630444574899,0.7763525811683515,0.7401636435368242,,,,,
39.712500000000006,140.20624999999998,20261001,,0.7746811640223592,,0.7032384821022268,0.7709675399099046,0.8179548907928211,0.8502109930726579,,,0.7234710355455509,,,,,,
39.712500000000006,140.20624999999998,20261002,0.7119361345571592,0.7834452906483956,0.7401537614484182,0.7628468421336562,0.7778457118350337,0.8330669755434663,0.8295275398875048,0.7184941602437845,0.7114754545664026,0.7468031909123333,,,,,,
39.725,140.0625,20261001,,,,,,0.7042287207611223,,,,,,,,,,
39.725,140.0625,20261002,,,,,,,0.7130221624552163,,,,,,,,,
39.725,140.06875,20261001,,,,,,0.7042287207611223,,,,,,,,,,
39.725,140.06875,20261002,,,,,,,0.7130221624552163,,,,,,,,,
39.725,140.075,20261001,,,,,,0.7042287207611223,,,,,,,,,,
39.725,140.075,20261002,,,,,,,0.7130221624552163,,,,,,,,,
39.725,140.175,20261001,,,,,,,0.7038781693433138,,,,,,,,,
39.725,140.18125,20261001,,,,,,,0.7038781693433138,,,,,,,,,
39.72916666666667,140.0625,20261001,,,,,,0.7042287207611223,,,,,,,,,,
39.72916666666667,140.0625,20261002,,,,,,,0.7130221624552163,,,,,,,,,
39.72916666666667,140.06875,20261001,,,,,,0.7042287207611223,,,,,,,,,,
39.72916666666667,140.06875,20261002,,,,,,,0.7130221624552163,,,,,,,,,
39.72916666666667,140.075,20261001,,,,,,0.7042287207611223,,,,,,,,,,
39.72916666666667,140.075,20261002,,,,,,,0.7130221624552163,,,,,,,,,
39.72916666666667,140.175,20261001,,,,,,,0.7038781693433138,,,,,,,,,
39.72916666666667,140.18125,20261001,,,,,,,0.7038781693433138,,,,,,,,,
39.73333333333334,140.08124999999998,20260930,,0.8200822153390058,0.7510141414400695,0.7762861375760287,0.8316053077591996,0.7554079396415081,0.816979895362815,0.7154862654881897,,0.7138076927801421,,,,,,
39.73333333333334,140.08124999999998,20261001,,0.7463375862922563,,,0.8187359154096383,0.8485090972407497,0.8334356519130708,,,0.7174611672936257,,,,,,
39.73333333333334,140.08124999999998,20261002,0.7269838346114703,0.772345301145033,0.7521737955760892,0.7905104502253236,0.7994437196570529,0.8214418671008361,0.8471817556404214,0.7382458560455769,0.7085904199067212,0.7441443740527012,0.7009499142115336,,,,,
39.73333333333334,140.10625,20260930,0.764051134077988,0.893496921976784,0.8473663833615984,0.8639644491834939,0.896505189527091,0.8607286235471983,0.8884144761508815,0.8253085600168275,0.7966409593326176,0.8210747344165821,0.7836172130561315,,,,0.7270426542311744,
39.73333333333334,140.10625,20261001,0.7408033520608759,0.8555072010823531,0.8021618640293731,0.8159696255578117,0.908585326924454,0.9221930490252687,0.9088276948540338,0.8273653555527403,0.829856831701001,0.8532373637427597,0.7952567535644953,,,,,
39.73333333333334,140.10625,20261002,0.8132558331103182,0.8738014841024122,0.8502020735608147,0.8721538772235291,0.8843344508634476,0.8926672842167795,0.9069700111371317,0.8507845313036417,0.8309597097202084,0.852035920489031,0.8227166817717284,,,,,
39.73750000000001,140.08124999999998,20260930,,0.8200822153390058,0.7510141414400695,0.7762861375760287,0.8316053077591996,0.7554079396415081,0.816979895362815,0.7154862654881897,,0.7138076927801421,,,,,,
39.73750000000001,140.08124999999998,20261001,,0.7463375862922563,,,0.8187359154096383,0.8485090972407497,0.8334356519130708,,,0.7174611672936257,,,,,,
39.73750000000001,140.08124999999998,20261002,0.7269838346114703,0.772345301145033,0.7521737955760892,0.7905104502253236,0.7994437196570529,0.8214418671008361,0.8471817556404214,0.7382458560455769,0.7085904199067212,0.7441443740527012,0.7009499142115336,,,,,
39.73750000000001,140.10625,20260930,0.764051134077988,0.893496921976784,0.8473663833615984,0.8639644491834939,0.896505189527091,0.8607286235471983,0.8884144761508815,0.8253085600168275,0.7966409593326176,0.8210747344165821,0.7836172130561315,,,,0.7270426542311744,
39.73750000000001,140.10625,20261001,0.7408033520608759,0.8555072010823531,0.8021618640293731,0.8159696255578117,0.908585326924454,0.9221930490252687,0.9088276948540338,0.8273653555527403,0.829856831701001,0.8532373637427597,0.7952567535644953,,,,,
39.73750000000001,140.10625,20261002,0.8132558331103182,0.8738014841024122,0.8502020735608147,0.8721538772235291,0.8843344508634476,0.8926672842167795,0.9069700111371317,0.8507845313036417,0.8309597097202084,0.852035920489031,0.8227166817717284,,,,,
39.741666666666674,140.08124999999998,20260930,,0.8458508142938472,0.784070319208917,0.8068500294756309,0.8506919075385263,0.7808551815858523,0.837400079988975,0.7436776113943602,0.7063799179343678,0.7421054112305006,,,,,,
39.741666666666674,140.08124999999998,20261001,,0.772444234912151,,0.7188123998006656,0.8457902970353574,0.8673811274234022,0.8497308450257415,0.7207589765318179,0.7242762738859805,0.7508335663291864,,,,,,
39.741666666666674,140.08124999999998,20261002,0.7518040033384623,0.7942089750989718,0.7754113881814864,0.8110563480576519,0.8193137365122218,0.8395697954063068,0.8631318808668113,0.762376837851796,0.7344720009389567,0.7679025341627703,0.7272488834723062,,,,,
39.745833333333344,140.08124999999998,20260930,,0.8458508142938472,0.784070319208917,0.8068500294756309,0.8506919075385263,0.7808551815858523,0.837400079988975,0.7436776113943602,0.7063799179343678,0.7421054112305006,,,,,,
39.745833333333344,140.08124999999998,20261001,,0.772444234912151,,0.7188123998006656,0.8457902970353574,0.8673811274234022,0.8497308450257415,0.7207589765318179,0.7242762738859805,0.7508335663291864,,,,,,
39.745833333333344,140.08124999999998,20261002,0.7518040033384623,0.7942089750989718,0.7754113881814864,0.8110563480576519,0.8193137365122218,0.8395697954063068,0.8631318808668113,0.762376837851796,0.7344720009389567,0.7679025341627703,0.7272488834723062,,,,,
39.75,140.0875,20260930,,,,,0.7041070004970859,,0.7022500334122955,,,,,,,,,
39.75,140.0875,20261001,,,,,,0.746338402411435,0.7244008791575246,,,,,,,,,
39.75,140.0875,20261002,,,,,0.7163430385540348,0.7085111180228602,0.7137827579892365,,,,,,,,,
39.75,140.09375,20260930,,,,,0.7041070004970859,,0.7022500334122955,,,,,,,,,
39.75,140.09375,20261001,,,,,,0.746338402411435,0.7244008791575246,,,,,,,,,
39.75,140.09375,20261002,,,,,0.7163430385540348,0.7085111180228602,0.7137827579892365,,,,,,,,,
39.75,140.1,20260930,,,,,0.7041070004970859,,0.7022500334122955,,,,,,,,,
39.75,140.1,20261001,,,,,,0.746338402411435,0.7244008791575246,,,,,,,,,
39.75,140.1,20261002,,,,,0.7163430385540348,0.7085111180228602,0.7137827579892365,,,,,,,,,
39.75416666666667,140.0875,20260930,,,,,0.7041070004970859,,0.7022500334122955,,,,,,,,,
39.75416666666667,140.0875,20261001,,,,,,0.746338402411435,0.7244008791575246,,,,,,,,,
39.75416666666667,140.0875,20261002,,,,,0.7163430385540348,0.7085111180228602,0.7137827579892365,,,,,,,,,
39.75416666666667,140.09375,20260930,,,,,0.7041070004970859,,0.7022500334122955,,,,,,,,,
39.75416666666667,140.09375,20261001,,,,,,0.746338402411435,0.7244008791575246,,,,,,,,,
39.75416666666667,140.09375,20261002,,,,,0.7163430385540348,0.7085111180228602,0.7137827579892365,,,,,,,,,
39.75416666666667,140.1,20260930,,,,,0.7041070004970859,,0.7022500334122955,,,,,,,,,
39.75416666666667,140.1,20261001,,,,,,0.746338402411435,0.7244008791575246,,,,,,,,,
39.75416666666667,140.1,20261002,,,,,0.7163430385540348,0.7085111180228602,0.7137827579892365,,,,,,,,,
39.766666666666666,140.04375,20260930,,0.7414388945939162,,,0.7808302034245629,0.7091982467414316,0.8000143498579734,,,,,,,,,
39.766666666666666,140.04375,20261001,,0.7260833326819549,,,0.7669026983592283,0.8330677133984162,0.8167895862508434,,,0.7055191491913556,,,,,,
39.766666666666666,140.04375,20261002,,0.7430422429008093,0.7502749149908529,0.7702451936328288,0.8107271848151659,0.8047911072552955,0.8087914189084762,,,,,,,,,
39.766666666666666,140.08124999999998,20260930,0.7838026109961268,0.8517534040391005,0.7917561581389281,0.8017261374183964,0.8760739087273421,0.8410383378348647,0.885523026519628,0.8217848395245005,0.7948606024140766,0.8104185755118952,0.7713514480525012,,,,0.7076905066168523,
39.766666666666666,140.08124999999998,20261001,0.7362576508187955,0.8525728007394342,0.7796533023450144,0.7790537238479124,0.8757742450185769,0.9196711538670542,0.9059167946762647,0.8249263864225301,0.8379539848933009,0.8560460187456027,0.8157373887165796,,,,,
39.766666666666666,140.08124999999998,20261002,0.7682166483086555,0.8648333798391635,0.8516549538431941,0.8679119846941459,0.8935633987425631,0.8898723746588377,0.8979762481394619,0.8249395218075413,0.8013880160311757,0.8293528998140949,0.7717078925612121,,,,,
39.770833333333336,140.04375,20260930,,0.7414388945939162,,,0.7808302034245629,0.7091982467414316,0.8000143498579734,,,,,,,,,
39.770833333333336,140.04375,20261001,,0.7260833326819549,,,0.7669026983592283,0.8330677133984162,0.8167895862508434,,,0.7055191491913556,,,,,,
39.770833333333336,140.04375,20261002,,0.7430422429008093,0.7502749149908529,0.7702451936328288,0.8107271848151659,0.8047911072552955,0.8087914189084762,,,,,,,,,
39.770833333333336,140.08124999999998,20260930,0.7838026109961268,0.8517534040391005,0.7917561581389281,0.8017261374183964,0.8760739087273421,0.8410383378348647,0.885523026519628,0.8217848395245005,0.7948606024140766,0.8104185755118952,0.7713514480525012,,,,0.7076905066168523,
39.770833333333336,140.08124999999998,20261001,0.7362576508187955,0.8525728007394342,0.7796533023450144,0.7790537238479124,0.8757742450185769,0.9196711538670542,0.9059167946762647,0.8249263864225301,0.8379539848933009,0.8560460187456027,0.8157373887165796,,,,,
39.770833333333336,140.08124999999998,20261002,0.7682166483086555,0.8648333798391635,0.8516549538431941,0.8679119846941459,0.8935633987425631,0.8898723746588377,0.8979762481394619,0.8249395218075413,0.8013880160311757,0.8293528998140949,0.7717078925612121,,,,,
39.775,140.04375,20260930,,0.7535392084678897,,,0.7916051946540762,0.7222421459313125,0.8100756005669257,0.7070826523041329,,,,,,,,
39.775,140.04375,20261001,,0.738648958828165,,,0.7740150154197439,0.8257257290475601,0.8088958959653985,,,,,,,,,
39.775,140.04375,20261002,,0.7550923071876958,0.7620943992032494,0.7813948826255013,0.8203704887768074,0.8146677123127677,0.818511270363074,,,0.7070989905320693,,,,,,
39.77916666666667,140.04375,20260930,,0.7535392084678897,,,0.7916051946540762,0.7222421459313125,0.8100756005669257,0.7070826523041329,,,,,,,,
39.77916666666667,140.04375,20261001,,0.738648958828165,,,0.7740150154197439,0.8257257290475601,0.8088958959653985,,,,,,,,,
39.77916666666667,140.04375,20261002,,0.7550923071876958,0.7620943992032494,0.7813948826255013,0.8203704887768074,0.8146677123127677,0.818511270363074,,,0.7070989905320693,,,,,,
39.791666666666664,140.05,20260930,,,,,0.7041070004970859,,0.7022500334122955,,,,,,,,,
39.791666666666664,140.05,20261001,,,,,,0.746338402411435,0.7244008791575246,,,,,,,,,
39.791666666666664,140.05,20261002,,,,,0.7163430385540348,0.7085111180228602,0.7137827579892365,,,,,,,,,
39.791666666666664,140.05625,20260930,,,,,0.7041070004970859,,0.7022500334122955,,,,,,,,,
39.791666666666664,140.05625,20261001,,,,,,0.746338402411435,0.7244008791575246,,,,,,,,,
39.791666666666664,140.05625,20261002,,,,,0.7163430385540348,0.7085111180228602,0.7137827579892365,,,,,,,,,
39.791666666666664,140.0875,20261002,,,,,,,0.7009169959261928,,,,,,,,,
39.791666666666664,140.09375,20261002,,,,,,,0.7009169959261928,,,,,,,,,
39.791666666666664,140.1,20261002,,,,,,,0.7009169959261928,,,,,,,,,
39.791666666666664,140.1125,20260930,,,,,0.7283936917605541,,0.7231041951476596,,,,,,,,,
39.791666666666664,140.1125,20261001,,,,,,0.7079624019353333,,,,,,,,,,
39.791666666666664,140.11875,20260930,,,,,0.7283936917605541,,0.7231041951476596,,,,,,,,,
39.791666666666664,140.11875,20261001,,,,,,0.7079624019353333,,,,,,,,,,
39.795833333333334,140.05,20260930,,,,,0.7041070004970859,,0.7022500334122955,,,,,,,,,
39.795833333333334,140.05,20261001,,,,,,0.746338402411435,0.7244008791575246,,,,,,,,,
39.795833333333334,140.05,20261002,,,,,0.7163430385540348,0.7085111180228602,0.7137827579892365,,,,,,,,,
39.795833333333334,140.05625,20260930,,,,,0.7041070004970859,,0.7022500334122955,,,,,,,,,
39.795833333333334,140.05625,20261001,,,,,,0.746338402411435,0.7244008791575246,,,,,,,,,
39.795833333333334,140.05625,20261002,,,,,0.7163430385540348,0.7085111180228602,0.7137827579892365,,,,,,,,,
39.795833333333334,140.0875,20261002,,,,,,,0.7009169959261928,,,,,,,,,
39.795833333333334,140.09375,20261002,,,,,,,0.7009169959261928,,,,,,,,,
39.795833333333334,140.1,20261002,,,,,,,0.7009169959261928,,,,,,,,,
39.795833333333334,140.1125,20260930,,,,,0.7283936917605541,,0.7231041951476596,,,,,,,,,
39.795833333333334,140.1125,20261001,,,,,,0.7079624019353333,,,,,,,,,,
39.795833333333334,140.11875,20260930,,,,,0.7283936917605541,,0.7231041951476596,,,,,,,,,
39.795833333333334,140.11875,20261001,,,,,,0.7079624019353333,,,,,,,,,,
39.8,140.0625,20260930,,,,,0.7041070004970859,,0.7022500334122955,,,,,,,,,
39.8,140.0625,20261001,,,,,,0.746338402411435,0.7244008791575246,,,,,,,,,
39.8,140.0625,20261002,,,,,0.7163430385540348,0.7085111180228602,0.7137827579892365,,,,,,,,,
39.8,140.06875,20260930,,,,,0.7041070004970859,,0.7022500334122955,,,,,,,,,
39.8,140.06875,20261001,,,,,,0.746338402411435,0.7244008791575246,,,,,,,,,
39.8,140.06875,20261002,,,,,0.7163430385540348,0.7085111180228602,0.7137827579892365,,,,,,,,,
39.8,140.075,20260930,,,,,0.7041070004970859,,0.7022500334122955,,,,,,,,,
39.8,140.075,20261001,,,,,,0.746338402411435,0.7244008791575246,,,,,,,,,
39.8,140.075,20261002,,,,,0.7163430385540348,0.7085111180228602,0.7137827579892365,,,,,,,,,
39.80416666666667,140.0625,20260930,,,,,0.7041070004970859,,0.7022500334122955,,,,,,,,,
39.80416666666667,140.0625,20261001,,,,,,0.746338402411435,0.7244008791575246,,,,,,,,,
39.80416666666667,140.0625,20261002,,,,,0.7163430385540348,0.7085111180228602,0.7137827579892365,,,,,,,,,
39.80416666666667,140.06875,20260930,,,,,0.7041070004970859,,0.7022500334122955,,,,,,,,,
39.80416666666667,140.06875,20261001,,,,,,0.746338402411435,0.7244008791575246,,,,,,,,,
39.80416666666667,140.06875,20261002,,,,,0.7163430385540348,0.7085111180228602,0.7137827579892365,,,,,,,,,
39.80416666666667,140.075,20260930,,,,,0.7041070004970859,,0.7022500334122955,,,,,,,,,
39.80416666666667,140.075,20261001,,,,,,0.746338402411435,0.7244008791575246,,,,,,,,,
39.80416666666667,140.075,20261002,,,,,0.7163430385540348,0.7085111180228602,0.7137827579892365,,,,,,,,,
39.80833333333333,140.0625,20260930,,,,,0.7010577759666674,,,,,,,,,,,
39.80833333333333,140.0625,20261001,,,,,,0.7435658799056237,0.7214780605682688,,,,,,,,,
39.80833333333333,140.0625,20261002,,,,,0.713368577234647,0.7054882950720779,0.7107922883082423,,,,,,,,,
39.80833333333333,140.06875,20260930,,,,,0.7010577759666674,,,,,,,,,,,
39.80833333333333,140.06875,20261001,,,,,,0.7435658799056237,0.7214780605682688,,,,,,,,,
39.80833333333333,140.06875,20261002,,,,,0.713368577234647,0.7054882950720779,0.7107922883082423,,,,,,,,,
39.80833333333333,140.075,20260930,,,,,0.7010577759666674,,,,,,,,,,,
39.80833333333333,140.075,20261001,,,,,,0.7435658799056237,0.7214780605682688,,,,,,,,,
39.80833333333333,140.075,20261002,,,,,0.713368577234647,0.7054882950720779,0.7107922883082423,,,,,,,,,
39.8125,140.0625,20260930,,,,,0.7010577759666674,,,,,,,,,,,
39.8125,140.0625,20261001,,,,,,0.7435658799056237,0.7214780605682688,,,,,,,,,
39.8125,140.0625,20261002,,,,,0.713368577234647,0.7054882950720779,0.7107922883082423,,,,,,,,,
39.8125,140.06875,20260930,,,,,0.7010577759666674,,,,,,,,,,,
39.8125,140.06875,20261001,,,,,,0.7435658799056237,0.7214780605682688,,,,,,,,,
39.8125,140.06875,20261002,,,,,0.713368577234647,0.7054882950720779,0.7107922883082423,,,,,,,,,
39.8125,140.075,20260930,,,,,0.7010577759666674,,,,,,,,,,,
39.8125,140.075,20261001,,,,,,0.7435658799056237,0.7214780605682688,,,,,,,,,
39.8125,140.075,20261002,,,,,0.713368577234647,0.7054882950720779,0.7107922883082423,,,,,,,,,
39.81666666666667,140.08124999999998,20260930,,,,,0.7283936917605541,,0.7231041951476596,,,,,,,,,
39.81666666666667,140.08124999999998,20261001,,,,,,0.7651373821111981,0.7442685816888781,,,,,,,,,
39.81666666666667,140.08124999999998,20261002,,,,,0.7365803928693181,0.7290959250610458,0.7341349806612981,,,,,,,,,
39.82083333333334,140.08124999999998,20260930,,,,,0.7283936917605541,,0.7231041951476596,,,,,,,,,
39.82083333333334,140.08124999999998,20261001,,,,,,0.7651373821111981,0.7442685816888781,,,,,,,,,
39.82083333333334,140.08124999999998,20261002,,,,,0.7365803928693181,0.7290959250610458,0.7341349806612981,,,,,,,,,
39.833333333333336,140.05,20260930,,,,,0.7266609739700601,,0.7066413067171144,,,,,,,,,
39.833333333333336,140.05,20261002,0.72147973613099,0.70559551476673,,,0.7018048251095642,,,,,,,,,,,
39.833333333333336,140.05625,20260930,,,,,0.7266609739700601,,0.7066413067171144,,,,,,,,,
39.833333333333336,140.05625,20261002,0.72147973613099,0.70559551476673,,,0.7018048251095642,,,,,,,,,,,
39.837500000000006,140.05,20260930,,,,,0.7266609739700601,,0.7066413067171144,,,,,,,,,
39.837500000000006,140.05,20261002,0.72147973613099,0.70559551476673,,,0.7018048251095642,,,,,,,,,,,
39.837500000000006,140.05625,20260930,,,,,0.7266609739700601,,0.7066413067171144,,,,,,,,,
39.837500000000006,140.05625,20261002,0.72147973613099,0.70559551476673,,,0.7018048251095642,,,,,,,,,,,
39.84166666666667,140.01874999999998,20260930,0.7005421802216744,0.8226663643150888,0.7542930893807482,0.7655255028253636,0.8463421315291791,0.8250199872059899,0.856073086986559,0.7233671298243023,0.7117162026796454,0.7446903803644603,0.7162260182774756,,,,,
39.84166666666667,140.01874999999998,20261001,,0.8164036766692488,0.7182569114292492,0.7713671042019457,0.8065701029896469,0.8868660049594097,0.8671163461298134,0.720205516108815,0.7237271126322855,0.7711337995664986,0.7032452722308903,,,,,
39.84166666666667,140.01874999999998,20261002,0.8184108682205109,0.8421920634801106,0.789348597323046,0.8132132467784448,0.8558454226695802,0.8510644195450905,0.8396884780490649,0.7463499670931496,0.7158671512364395,0.7108376789644744,,,,,,
39.84166666666667,140.04375,20260930,,0.7073258565649774,,,0.7436703975529841,,0.7360178850926201,,,,,,,,,
39.84166666666667,140.04375,20261001,,,,,,0.7572844162280751,0.7339517893721835,,,,,,,,,
39.84166666666667,140.04375,20261002,0.7470900983616502,,,,0.7155661776958302,0.7077215593483768,,,,,,,,,,
39.84166666666667,140.0625,20260930,,0.7103375628713997,,,0.7464421753736997,,0.7388433528506041,,,,,,,,,
39.84166666666667,140.0625,20261001,,,,,,0.7599564988107431,0.7367914628739296,,,,,,,,,
39.84166666666667,140.0625,20261002,0.7498373369353915,0.7018150247077181,,,0.718526832061273,0.7107308590042322,,,,,,,,,,
39.84166666666667,140.06875,20260930,,0.7103375628713997,,,0.7464421753736997,,0.7388433528506041,,,,,,,,,
39.84166666666667,140.06875,20261001,,,,,,0.7599564988107431,0.7367914628739296,,,,,,,,,
39.84166666666667,140.06875,20261002,0.7498373369353915,0.7018150247077181,,,0.718526832061273,0.7107308590042322,,,,,,,,,,
39.84166666666667,140.075,20260930,,0.7103375628713997,,,0.7464421753736997,,0.7388433528506041,,,,,,,,,
39.84166666666667,140.075,20261001,,,,,,0.7599564988107431,0.7367914628739296,,,,,,,,,
39.84166666666667,140.075,20261002,0.7498373369353915,0.7018150247077181,,,0.718526832061273,0.7107308590042322,,,,,,,,,,
39.84583333333334,140.01874999999998,20260930,0.7005421802216744,0.8226663643150888,0.7542930893807482,0.7655255028253636,0.8463421315291791,0.8250199872059899,0.856073086986559,0.7233671298243023,0.7117162026796454,0.7446903803644603,0.7162260182774756,,,,,
39.84583333333334,140.01874999999998,20261001,,0.8164036766692488,0.7182569114292492,0.7713671042019457,0.8065701029896469,0.8868660049594097,0.8671163461298134,0.720205516108815,0.7237271126322855,0.7711337995664986,0.7032452722308903,,,,,
39.84583333333334,140.01874999999998,20261002,0.8184108682205109,0.8421920634801106,0.789348597323046,0.8132132467784448,0.8558454226695802,0.8510644195450905,0.8396884780490649,0.7463499670931496,0.7158671512364395,0.7108376789644744,,,,,,
39.84583333333334,140.04375,20260930,,0.7073258565649774,,,0.7436703975529841,,0.7360178850926201,,,,,,,,,
39.84583333333334,140.04375,20261001,,,,,,0.7572844162280751,0.7339517893721835,,,,,,,,,
39.84583333333334,140.04375,20261002,0.7470900983616502,,,,0.7155661776958302,0.7077215593483768,,,,,,,,,,
39.84583333333334,140.0625,20260930,,0.7103375628713997,,,0.7464421753736997,,0.7388433528506041,,,,,,,,,
39.84583333333334,140.0625,20261001,,,,,,0.7599564988107431,0.7367914628739296,,,,,,,,,
39.84583333333334,140.0625,20261002,0.7498373369353915,0.7018150247077181,,,0.718526832061273,0.7107308590042322,,,,,,,,,,
39.84583333333334,140.06875,20260930,,0.7103375628713997,,,0.7464421753736997,,0.7388433528506041,,,,,,,,,
39.84583333333334,140.06875,20261001,,,,,,0.7599564988107431,0.7367914628739296,,,,,,,,,
39.84583333333334,140.06875,20261002,0.7498373369353915,0.7018150247077181,,,0.718526832061273,0.7107308590042322,,,,,,,,,,
39.84583333333334,140.075,20260930,,0.7103375628713997,,,0.7464421753736997,,0.7388433528506041,,,,,,,,,
39.84583333333334,140.075,20261001,,,,,,0.7599564988107431,0.7367914628739296,,,,,,,,,
39.84583333333334,140.075,20261002,0.7498373369353915,0.7018150247077181,,,0.718526832061273,0.7107308590042322,,,,,,,,,,
39.85,140.0625,20260930,,0.7073258565649774,,,0.7436703975529841,,0.7360178850926201,,,,,,,,,
39.85,140.0625,20261001,,,,,,0.7572844162280751,0.7339517893721835,,,,,,,,,
39.85,140.0625,20261002,0.7470900983616502,,,,0.7155661776958302,0.7077215593483768,,,,,,,,,,
39.85,140.06875,20260930,,0.7073258565649774,,,0.7436703975529841,,0.7360178850926201,,,,,,,,,
39.85,140.06875,20261001,,,,,,0.7572844162280751,0.7339517893721835,,,,,,,,,
39.85,140.06875,20261002,0.7470900983616502,,,,0.7155661776958302,0.7077215593483768,,,,,,,,,,
39.85,140.075,20260930,,0.7073258565649774,,,0.7436703975529841,,0.7360178850926201,,,,,,,,,
39.85,140.075,20261001,,,,,,0.7572844162280751,0.7339517893721835,,,,,,,,,
39.85,140.075,20261002,0.7470900983616502,,,,0.7155661776958302,0.7077215593483768,,,,,,,,,,
39.85416666666667,140.0625,20260930,,0.7073258565649774,,,0.7436703975529841,,0.7360178850926201,,,,,,,,,
39.85416666666667,140.0625,20261001,,,,,,0.7572844162280751,0.7339517893721835,,,,,,,,,
39.85416666666667,140.0625,20261002,0.7470900983616502,,,,0.7155661776958302,0.7077215593483768,,,,,,,,,,
39.85416666666667,140.06875,20260930,,0.7073258565649774,,,0.7436703975529841,,0.7360178850926201,,,,,,,,,
39.85416666666667,140.06875,20261001,,,,,,0.7572844162280751,0.7339517893721835,,,,,,,,,
39.85416666666667,140.06875,20261002,0.7470900983616502,,,,0.7155661776958302,0.7077215593483768,,,,,,,,,,
39.85416666666667,140.075,20260930,,0.7073258565649774,,,0.7436703975529841,,0.7360178850926201,,,,,,,,,
39.85416666666667,140.075,20261001,,,,,,0.7572844162280751,0.7339517893721835,,,,,,,,,
39.85416666666667,140.075,20261002,0.7470900983616502,,,,0.7155661776958302,0.7077215593483768,,,,,,,,,,
39.86666666666667,140.0625,20260930,,0.7103375628713997,,,0.7464421753736997,,0.7388433528506041,,,,,,,,,
39.86666666666667,140.0625,20261001,,,,,,0.7572844162280751,0.7339517893721835,,,,,,,,,
39.86666666666667,140.0625,20261002,0.7470900983616502,,,,0.7155661776958302,0.7077215593483768,,,,,,,,,,
39.86666666666667,140.06875,20260930,,0.7103375628713997,,,0.7464421753736997,,0.7388433528506041,,,,,,,,,
39.86666666666667,140.06875,20261001,,,,,,0.7572844162280751,0.7339517893721835,,,,,,,,,
39.86666666666667,140.06875,20261002,0.7470900983616502,,,,0.7155661776958302,0.7077215593483768,,,,,,,,,,
39.86666666666667,140.075,20260930,,0.7103375628713997,,,0.7464421753736997,,0.7388433528506041,,,,,,,,,
39.86666666666667,140.075,20261001,,,,,,0.7572844162280751,0.7339517893721835,,,,,,,,,
39.86666666666667,140.075,20261002,0.7470900983616502,,,,0.7155661776958302,0.7077215593483768,,,,,,,,,,
39.87083333333334,140.0625,20260930,,0.7103375628713997,,,0.7464421753736997,,0.7388433528506041,,,,,,,,,
39.87083333333334,140.0625,20261001,,,,,,0.7572844162280751,0.7339517893721835,,,,,,,,,
39.87083333333334,140.0625,20261002,0.7470900983616502,,,,0.7155661776958302,0.7077215593483768,,,,,,,,,,
39.87083333333334,140.06875,20260930,,0.7103375628713997,,,0.7464421753736997,,0.7388433528506041,,,,,,,,,
39.87083333333334,140.06875,20261001,,,,,,0.7572844162280751,0.7339517893721835,,,,,,,,,
39.87083333333334,140.06875,20261002,0.7470900983616502,,,,0.7155661776958302,0.7077215593483768,,,,,,,,,,
39.87083333333334,140.075,20260930,,0.7103375628713997,,,0.7464421753736997,,0.7388433528506041,,,,,,,,,
39.87083333333334,140.075,20261001,,,,,,0.7572844162280751,0.7339517893721835,,,,,,,,,
39.87083333333334,140.075,20261002,0.7470900983616502,,,,0.7155661776958302,0.7077215593483768,,,,,,,,,,
39.900000000000006,140.10625,20260930,,0.7103375628713997,,,0.7464421753736997,,0.7388433528506041,,,,,,,,,
39.900000000000006,140.10625,20261001,,,,,,0.7599564988107431,0.7367914628739296,,,,,,,,,
39.900000000000006,140.10625,20261002,0.7498373369353915,0.7018150247077181,,,0.718526832061273,0.7107308590042322,,,,,,,,,,
39.900000000000006,140.1125,20260930,,0.7103375628713997,,,0.7464421753736997,,0.7388433528506041,,,,,,,,,
39.900000000000006,140.1125,20261001,,,,,,0.7599564988107431,0.7367914628739296,,,,,,,,,
39.900000000000006,140.1125,20261002,0.7498373369353915,0.7018150247077181,,,0.718526832061273,0.7107308590042322,,,,,,,,,,
39.900000000000006,140.11875,20260930,,0.7103375628713997,,,0.7464421753736997,,0.7388433528506041,,,,,,,,,
39.900000000000006,140.11875,20261001,,,,,,0.7599564988107431,0.7367914628739296,,,,,,,,,
39.900000000000006,140.11875,20261002,0.7498373369353915,0.7018150247077181,,,0.718526832061273,0.7107308590042322,,,,,,,,,,
39.904166666666676,140.10625,20260930,,0.7103375628713997,,,0.7464421753736997,,0.7388433528506041,,,,,,,,,
39.904166666666676,140.10625,20261001,,,,,,0.7599564988107431,0.7367914628739296,,,,,,,,,
39.904166666666676,140.10625,20261002,0.7498373369353915,0.7018150247077181,,,0.718526832061273,0.7107308590042322,,,,,,,,,,
39.904166666666676,140.1125,20260930,,0.7103375628713997,,,0.7464421753736997,,0.7388433528506041,,,,,,,,,
39.904166666666676,140.1125,20261001,,,,,,0.7599564988107431,0.7367914628739296,,,,,,,,,
39.904166666666676,140.1125,20261002,0.7498373369353915,0.7018150247077181,,,0.718526832061273,0.7107308590042322,,,,,,,,,,
39.904166666666676,140.11875,20260930,,0.7103375628713997,,,0.7464421753736997,,0.7388433528506041,,,,,,,,,
39.904166666666676,140.11875,20261001,,,,,,0.7599564988107431,0.7367914628739296,,,,,,,,,
39.904166666666676,140.11875,20261002,0.7498373369353915,0.7018150247077181,,,0.718526832061273,0.7107308590042322,,,,,,,,,,
39.94166666666667,139.9,20260930,,0.7020084249663281,,,,,,,,,,,,,,
39.94166666666667,139.90625,20260930,,0.7020084249663281,,,,,,,,,,,,,,
39.94166666666667,139.9125,20260930,,0.7020084249663281,,,,,,,,,,,,,,
39.94166666666667,139.9375,20260930,,0.8058042615374464,,,0.7323184695678959,,,,,,,,,,,
39.94166666666667,139.9375,20261002,,0.7295442247315347,,,,,,,,,,,,,,0.7036061800395896
39.94166666666667,139.94375,20260930,,0.8058042615374464,,,0.7323184695678959,,,,,,,,,,,
39.94166666666667,139.94375,20261002,,0.7295442247315347,,,,,,,,,,,,,,0.7036061800395896
39.94166666666667,139.95,20260930,,0.8058042615374464,,,0.7323184695678959,,,,,,,,,,,
39.94166666666667,139.95,20261002,,0.7295442247315347,,,,,,,,,,,,,,0.7036061800395896
39.94166666666667,140.10625,20261002,,0.72926437355096,,,,,,,,,,,,,,
39.94583333333334,139.9,20260930,,0.7020084249663281,,,,,,,,,,,,,,
39.94583333333334,139.90625,20260930,,0.7020084249663281,,,,,,,,,,,,,,
39.94583333333334,139.9125,20260930,,0.7020084249663281,,,,,,,,,,,,,,
39.94583333333334,139.9375,20260930,,0.8058042615374464,,,0.7323184695678959,,,,,,,,,,,
39.94583333333334,139.9375,20261002,,0.7295442247315347,,,,,,,,,,,,,,0.7036061800395896
39.94583333333334,139.94375,20260930,,0.8058042615374464,,,0.7323184695678959,,,,,,,,,,,
39.94583333333334,139.94375,20261002,,0.7295442247315347,,,,,,,,,,,,,,0.7036061800395896
39.94583333333334,139.95,20260930,,0.8058042615374464,,,0.7323184695678959,,,,,,,,,,,
39.94583333333334,139.95,20261002,,0.7295442247315347,,,,,,,,,,,,,,0.7036061800395896
39.94583333333334,140.10625,20261002,,0.72926437355096,,,,,,,,,,,,,,
39.958333333333336,139.9375,20260930,,0.7020084249663281,,,,,,,,,,,,,,
39.958333333333336,139.94375,20260930,,0.7020084249663281,,,,,,,,,,,,,,
39.958333333333336,139.95,20260930,,0.7020084249663281,,,,,,,,,,,,,,
39.962500000000006,139.9375,20260930,,0.7020084249663281,,,,,,,,,,,,,,
39.962500000000006,139.94375,20260930,,0.7020084249663281,,,,,,,,,,,,,,
39.962500000000006,139.95,20260930,,0.7020084249663281,,,,,,,,,,,,,,
39.975,139.91875,20260930,,0.8060493145497839,,,0.7326254842644483,,,,,,,,,,,
39.975,139.91875,20261002,,0.7298532475446702,,,,,,,,,,,,,,0.7466316295830827
39.97916666666667,139.91875,20260930,,0.8060493145497839,,,0.7326254842644483,,,,,,,,,,,
39.97916666666667,139.91875,20261002,,0.7298532475446702,,,,,,,,,,,,,,0.7466316295830827
40.22083333333333,140.025,20260930,,0.7245697234311615,,,,,,,,,,,,,,
40.22083333333333,140.025,20261002,,0.7511266709152329,,,,,,,,,,,,,,
40.22083333333333,140.03125,20260930,,0.7245697234311615,,,,,,,,,,,,,,
40.22083333333333,140.03125,20261002,,0.7511266709152329,,,,,,,,,,,,,,
40.22083333333333,140.0375,20260930,,0.7245697234311615,,,,,,,,,,,,,,
40.22083333333333,140.0375,20261002,,0.7511266709152329,,,,,,,,,,,,,,
40.224999999999994,140.025,20260930,,0.7245697234311615,,,,,,,,,,,,,,
40.224999999999994,140.025,20261002,,0.7511266709152329,,,,,,,,,,,,,,
40.224999999999994,140.03125,20260930,,0.7245697234311615,,,,,,,,,,,,,,
40.224999999999994,140.03125,20261002,,0.7511266709152329,,,,,,,,,,,,,,
40.224999999999994,140.0375,20260930,,0.7245697234311615,,,,,,,,,,,,,,
40.224999999999994,140.0375,20261002,,0.7511266709152329,,,,,,,,,,,,,,
40.25,140.5625,20260930,,0.7015631258325655,,,,,,,,,,,,,,
40.25,140.5625,20261001,,0.7040653443478824,,,,,0.7331880188958733,,,,,,,,,
40.25,140.5625,20261002,,0.7507404261667732,,,,0.7436320793227097,0.7423418358390874,,,0.7130523022878491,0.754188430089183,,,,,
40.25,140.56875,20260930,,0.7015631258325655,,,,,,,,,,,,,,
40.25,140.56875,20261001,,0.7040653443478824,,,,,0.7331880188958733,,,,,,,,,
40.25,140.56875,20261002,,0.7507404261667732,,,,0.7436320793227097,0.7423418358390874,,,0.7130523022878491,0.754188430089183,,,,,
40.25,140.575,20260930,,0.7015631258325655,,,,,,,,,,,,,,
40.25,140.575,20261001,,0.7040653443478824,,,,,0.7331880188958733,,,,,,,,,
40.25,140.575,20261002,,0.7507404261667732,,,,0.7436320793227097,0.7423418358390874,,,0.7130523022878491,0.754188430089183,,,,,
40.25,140.58124999999998,20261002,,0.7451337593347943,,,,,,,,,,,,,,
40.25416666666667,140.5625,20260930,,0.7015631258325655,,,,,,,,,,,,,,
40.25416666666667,140.5625,20261001,,0.7040653443478824,,,,,0.7331880188958733,,,,,,,,,
40.25416666666667,140.5625,20261002,,0.7507404261667732,,,,0.7436320793227097,0.7423418358390874,,,0.7130523022878491,0.754188430089183,,,,,
40.25416666666667,140.56875,20260930,,0.7015631258325655,,,,,,,,,,,,,,
40.25416666666667,140.56875,20261001,,0.7040653443478824,,,,,0.7331880188958733,,,,,,,,,
40.25416666666667,140.56875,20261002,,0.7507404261667732,,,,0.7436320793227097,0.7423418358390874,,,0.7130523022878491,0.754188430089183,,,,,
40.25416666666667,140.575,20260930,,0.7015631258325655,,,,,,,,,,,,,,
40.25416666666667,140.575,20261001,,0.7040653443478824,,,,,0.7331880188958733,,,,,,,,,
40.25416666666667,140.575,20261002,,0.7507404261667732,,,,0.7436320793227097,0.7423418358390874,,,0.7130523022878491,0.754188430089183,,,,,
40.25416666666667,140.58124999999998,20261002,,0.7451337593347943,,,,,,,,,,,,,,
40.25833333333333,140.5625,20260930,,0.7002099281085468,,,,,,,,,,,,,,
40.25833333333333,140.5625,20261002,,0.7222548440681407,,,,0.7174188876772087,0.7160470940730455,,,,0.7286607634193378,,,,,
40.25833333333333,140.56875,20260930,,0.7002099281085468,,,,,,,,,,,,,,
40.25833333333333,140.56875,20261002,,0.7222548440681407,,,,0.7174188876772087,0.7160470940730455,,,,0.7286607634193378,,,,,
40.25833333333333,140.575,20260930,,0.7002099281085468,,,,,,,,,,,,,,
40.25833333333333,140.575,20261002,,0.7222548440681407,,,,0.7174188876772087,0.7160470940730455,,,,0.7286607634193378,,,,,
40.2625,140.5625,20260930,,0.7002099281085468,,,,,,,,,,,,,,
40.2625,140.5625,20261002,,0.7222548440681407,,,,0.7174188876772087,0.7160470940730455,,,,0.7286607634193378,,,,,
40.2625,140.56875,20260930,,0.7002099281085468,,,,,,,,,,,,,,
40.2625,140.56875,20261002,,0.7222548440681407,,,,0.7174188876772087,0.7160470940730455,,,,0.7286607634193378,,,,,
40.2625,140.575,20260930,,0.7002099281085468,,,,,,,,,,,,,,
40.2625,140.575,20261002,,0.7222548440681407,,,,0.7174188876772087,0.7160470940730455,,,,0.7286607634193378,,,,,
40.266666666666666,140.5625,20260930,,0.7067370139833319,,,,,,,,,,,,,,
40.266666666666666,140.5625,20261002,,0.7451337593347943,,,,,,,,,,,,,,
40.266666666666666,140.56875,20260930,,0.7067370139833319,,,,,,,,,,,,,,
40.266666666666666,140.56875,20261002,,0.7451337593347943,,,,,,,,,,,,,,
40.266666666666666,140.575,20260930,,0.7067370139833319,,,,,,,,,,,,,,
40.266666666666666,140.575,20261002,,0.7451337593347943,,,,,,,,,,,,,,
40.270833333333336,140.5625,20260930,,0.7067370139833319,,,,,,,,,,,,,,
40.270833333333336,140.5625,20261002,,0.7451337593347943,,,,,,,,,,,,,,
40.270833333333336,140.56875,20260930,,0.7067370139833319,,,,,,,,,,,,,,
40.270833333333336,140.56875,20261002,,0.7451337593347943,,,,,,,,,,,,,,
40.270833333333336,140.575,20260930,,0.7067370139833319,,,,,,,,,,,,,,
40.270833333333336,140.575,20261002,,0.7451337593347943,,,,,,,,,,,,,,
40.291666666666664,140.58124999999998,20260930,,0.7067370139833319,,,,,,,,,,,,,,
40.291666666666664,140.58124999999998,20261002,,0.7451337593347943,,,,,,,,,,,,,,
40.291666666666664,140.64374999999998,20260930,,0.7412468674348881,,,,,,,,,,,,,,
40.291666666666664,140.64374999999998,20261001,,0.7251339968510961,,,,,,,,,,,,,,
40.291666666666664,140.64374999999998,20261002,,0.7250076853847741,,,0.7165532571167162,,,,,,,,,,,
40.295833333333334,140.58124999999998,20260930,,0.7067370139833319,,,,,,,,,,,,,,
40.295833333333334,140.58124999999998,20261002,,0.7451337593347943,,,,,,,,,,,,,,
40.295833333333334,140.64374999999998,20260930,,0.7412468674348881,,,,,,,,,,,,,,
40.295833333333334,140.64374999999998,20261001,,0.7251339968510961,,,,,,,,,,,,,,
40.295833333333334,140.64374999999998,20261002,,0.7250076853847741,,,0.7165532571167162,,,,,,,,,,,
40.400000000000006,139.9625,20261002,,,,,,,,,,0.7877118779413115,,,,0.713100840226099,,
40.400000000000006,139.96875,20261002,,,,,,,,,,0.7877118779413115,,,,0.713100840226099,,
40.400000000000006,139.975,20261002,,,,,,,,,,0.7877118779413115,,,,0.713100840226099,,
40.404166666666676,139.9625,20261002,,,,,,,,,,0.7877118779413115,,,,0.713100840226099,,
40.404166666666676,139.96875,20261002,,,,,,,,,,0.7877118779413115,,,,0.713100840226099,,
40.404166666666676,139.975,20261002,,,,,,,,,,0.7877118779413115,,,,0.713100840226099,,
40.40833333333334,139.9625,20261002,,,,,,,,,,0.7719923376140988,,,,,,
40.40833333333334,139.96875,20261002,,,,,,,,,,0.7719923376140988,,,,,,
40.40833333333334,139.975,20261002,,,,,,,,,,0.7719923376140988,,,,,,
40.41250000000001,139.9625,20261002,,,,,,,,,,0.7719923376140988,,,,,,
40.41250000000001,139.96875,20261002,,,,,,,,,,0.7719923376140988,,,,,,
40.41250000000001,139.975,20261002,,,,,,,,,,0.7719923376140988,,,,,,
